character,category,base_species,species_id,keep(Y/n)
Aaron,elite4,SPECIES_COMBEE,PENDING_PHASE1,Y
Aaron,elite4,SPECIES_HERACROSS,PENDING_PHASE1,Y
Aaron,elite4,SPECIES_SCYTHER,PENDING_PHASE1,Y
Aaron,elite4,SPECIES_SKORUPI,PENDING_PHASE1,Y
Aaron,elite4,SPECIES_STUNKY,PENDING_PHASE1,Y
Aaron,elite4,SPECIES_TRAPINCH,PENDING_PHASE1,Y
Aaron,elite4,SPECIES_WURMPLE,PENDING_PHASE1,Y
Aaron,elite4,SPECIES_YANMA,PENDING_PHASE1,Y
Acerola,elite4,SPECIES_DHELMISE,PENDING_PHASE1,Y
Acerola,elite4,SPECIES_DRIFLOON,PENDING_PHASE1,Y
Acerola,elite4,SPECIES_FRILLISH,PENDING_PHASE1,Y
Acerola,elite4,SPECIES_GASTLY,PENDING_PHASE1,Y
Acerola,elite4,SPECIES_MIMIKYU_DISGUISED,PENDING_PHASE1,Y
Acerola,elite4,SPECIES_SABLEYE,PENDING_PHASE1,Y
Acerola,elite4,SPECIES_SANDYGAST,PENDING_PHASE1,Y
Acerola,elite4,SPECIES_SHUPPET,PENDING_PHASE1,Y
Acerola,elite4,SPECIES_SNORUNT,PENDING_PHASE1,Y
Acerola,elite4,SPECIES_TAPU_BULU,PENDING_PHASE1,Y
Agatha,elite4,SPECIES_ABRA,PENDING_PHASE1,Y
Agatha,elite4,SPECIES_BULBASAUR,PENDING_PHASE1,Y
Agatha,elite4,SPECIES_CUBONE,PENDING_PHASE1,Y
Agatha,elite4,SPECIES_EKANS,PENDING_PHASE1,Y
Agatha,elite4,SPECIES_GASTLY,PENDING_PHASE1,Y
Agatha,elite4,SPECIES_GRIMER,PENDING_PHASE1,Y
Agatha,elite4,SPECIES_KOFFING,PENDING_PHASE1,Y
Agatha,elite4,SPECIES_MAGIKARP,PENDING_PHASE1,Y
Agatha,elite4,SPECIES_MISDREAVUS,PENDING_PHASE1,Y
Agatha,elite4,SPECIES_SMOOCHUM,PENDING_PHASE1,Y
Agatha,elite4,SPECIES_ZUBAT,PENDING_PHASE1,Y
Alain,anime,SPECIES_BELDUM,PENDING_PHASE1,Y
Alain,anime,SPECIES_CHARMANDER,PENDING_PHASE1,Y
Alain,anime,SPECIES_CHESPIN,PENDING_PHASE1,Y
Alain,anime,SPECIES_INKAY,PENDING_PHASE1,Y
Alain,anime,SPECIES_LARVITAR,PENDING_PHASE1,Y
Alain,anime,SPECIES_PAWNIARD,PENDING_PHASE1,Y
Alain,anime,SPECIES_PIDOVE,PENDING_PHASE1,Y
Alain,anime,SPECIES_SNEASEL,PENDING_PHASE1,Y
Allister,gymleader,SPECIES_CORSOLA_GALAR,PENDING_PHASE1,Y
Allister,gymleader,SPECIES_DREEPY,PENDING_PHASE1,Y
Allister,gymleader,SPECIES_DUSKULL,PENDING_PHASE1,Y
Allister,gymleader,SPECIES_GASTLY,PENDING_PHASE1,Y
Allister,gymleader,SPECIES_LITWICK,PENDING_PHASE1,Y
Allister,gymleader,SPECIES_MIMIKYU_DISGUISED,PENDING_PHASE1,Y
Allister,gymleader,SPECIES_PUMPKABOO_AVERAGE,PENDING_PHASE1,Y
Allister,gymleader,SPECIES_SINISTEA_PHONY,PENDING_PHASE1,Y
Allister,gymleader,SPECIES_YAMASK,PENDING_PHASE1,Y
Allister,gymleader,SPECIES_YAMASK_GALAR,PENDING_PHASE1,Y
Anabel,frontier,SPECIES_ABRA,PENDING_PHASE1,Y
Anabel,frontier,SPECIES_BAGON,PENDING_PHASE1,Y
Anabel,frontier,SPECIES_BELDUM,PENDING_PHASE1,Y
Anabel,frontier,SPECIES_EEVEE,PENDING_PHASE1,Y
Anabel,frontier,SPECIES_ENTEI,PENDING_PHASE1,Y
Anabel,frontier,SPECIES_LATIOS,PENDING_PHASE1,Y
Anabel,frontier,SPECIES_MISDREAVUS,PENDING_PHASE1,Y
Anabel,frontier,SPECIES_MUNCHLAX,PENDING_PHASE1,Y
Anabel,frontier,SPECIES_RAIKOU,PENDING_PHASE1,Y
Anabel,frontier,SPECIES_RIOLU,PENDING_PHASE1,Y
Anabel,frontier,SPECIES_SNEASEL,PENDING_PHASE1,Y
Archer,villain,SPECIES_BELLSPROUT,PENDING_PHASE1,Y
Archer,villain,SPECIES_DROWZEE,PENDING_PHASE1,Y
Archer,villain,SPECIES_GRIMER,PENDING_PHASE1,Y
Archer,villain,SPECIES_HOUNDOUR,PENDING_PHASE1,Y
Archer,villain,SPECIES_KOFFING,PENDING_PHASE1,Y
Archer,villain,SPECIES_LARVITAR,PENDING_PHASE1,Y
Archer,villain,SPECIES_MAGBY,PENDING_PHASE1,Y
Archer,villain,SPECIES_MEOWTH,PENDING_PHASE1,Y
Archer,villain,SPECIES_MISDREAVUS,PENDING_PHASE1,Y
Archer,villain,SPECIES_PARAS,PENDING_PHASE1,Y
Archer,villain,SPECIES_RATTATA,PENDING_PHASE1,Y
Archer,villain,SPECIES_REMORAID,PENDING_PHASE1,Y
Archer,villain,SPECIES_VOLTORB,PENDING_PHASE1,Y
Archer,villain,SPECIES_WYNAUT,PENDING_PHASE1,Y
Archer,villain,SPECIES_ZUBAT,PENDING_PHASE1,Y
Archie,villain,SPECIES_CARVANHA,PENDING_PHASE1,Y
Archie,villain,SPECIES_GRIMER,PENDING_PHASE1,Y
Archie,villain,SPECIES_KYOGRE,PENDING_PHASE1,Y
Archie,villain,SPECIES_POOCHYENA,PENDING_PHASE1,Y
Archie,villain,SPECIES_SPHEAL,PENDING_PHASE1,Y
Archie,villain,SPECIES_TENTACOOL,PENDING_PHASE1,Y
Archie,villain,SPECIES_ZUBAT,PENDING_PHASE1,Y
Ariana,villain,SPECIES_BELLSPROUT,PENDING_PHASE1,Y
Ariana,villain,SPECIES_DROWZEE,PENDING_PHASE1,Y
Ariana,villain,SPECIES_EKANS,PENDING_PHASE1,Y
Ariana,villain,SPECIES_GRIMER,PENDING_PHASE1,Y
Ariana,villain,SPECIES_KABUTO,PENDING_PHASE1,Y
Ariana,villain,SPECIES_LICKITUNG,PENDING_PHASE1,Y
Ariana,villain,SPECIES_MURKROW,PENDING_PHASE1,Y
Ariana,villain,SPECIES_ODDISH,PENDING_PHASE1,Y
Ariana,villain,SPECIES_RATTATA,PENDING_PHASE1,Y
Ariana,villain,SPECIES_SLUGMA,PENDING_PHASE1,Y
Ariana,villain,SPECIES_SNEASEL,PENDING_PHASE1,Y
Ariana,villain,SPECIES_ZUBAT,PENDING_PHASE1,Y
Arven,rival,SPECIES_CAPSAKID,PENDING_PHASE1,Y
Arven,rival,SPECIES_MASCHIFF,PENDING_PHASE1,Y
Arven,rival,SPECIES_NACLI,PENDING_PHASE1,Y
Arven,rival,SPECIES_SHELLDER,PENDING_PHASE1,Y
Arven,rival,SPECIES_SKWOVET,PENDING_PHASE1,Y
Arven,rival,SPECIES_TOEDSCOOL,PENDING_PHASE1,Y
Ash,anime,SPECIES_AIPOM,PENDING_PHASE1,Y
Ash,anime,SPECIES_BUIZEL,PENDING_PHASE1,Y
Ash,anime,SPECIES_BULBASAUR,PENDING_PHASE1,Y
Ash,anime,SPECIES_CATERPIE,PENDING_PHASE1,Y
Ash,anime,SPECIES_CHARMANDER,PENDING_PHASE1,Y
Ash,anime,SPECIES_CHIKORITA,PENDING_PHASE1,Y
Ash,anime,SPECIES_CHIMCHAR,PENDING_PHASE1,Y
Ash,anime,SPECIES_CORPHISH,PENDING_PHASE1,Y
Ash,anime,SPECIES_COSMOG,PENDING_PHASE1,Y
Ash,anime,SPECIES_CYNDAQUIL,PENDING_PHASE1,Y
Ash,anime,SPECIES_DRACOVISH,PENDING_PHASE1,Y
Ash,anime,SPECIES_DRATINI,PENDING_PHASE1,Y
Ash,anime,SPECIES_FARFETCHD_GALAR,PENDING_PHASE1,Y
Ash,anime,SPECIES_FLETCHLING,PENDING_PHASE1,Y
Ash,anime,SPECIES_FROAKIE,PENDING_PHASE1,Y
Ash,anime,SPECIES_GASTLY,PENDING_PHASE1,Y
Ash,anime,SPECIES_GLIGAR,PENDING_PHASE1,Y
Ash,anime,SPECIES_GOOMY,PENDING_PHASE1,Y
Ash,anime,SPECIES_GRIMER,PENDING_PHASE1,Y
Ash,anime,SPECIES_HAWLUCHA,PENDING_PHASE1,Y
Ash,anime,SPECIES_HERACROSS,PENDING_PHASE1,Y
Ash,anime,SPECIES_HOOTHOOT,PENDING_PHASE1,Y
Ash,anime,SPECIES_KRABBY,PENDING_PHASE1,Y
Ash,anime,SPECIES_LAPRAS,PENDING_PHASE1,Y
Ash,anime,SPECIES_LARVITAR,PENDING_PHASE1,Y
Ash,anime,SPECIES_LITTEN,PENDING_PHASE1,Y
Ash,anime,SPECIES_MANKEY,PENDING_PHASE1,Y
Ash,anime,SPECIES_MELMETAL,PENDING_PHASE1,Y
Ash,anime,SPECIES_MELTAN,PENDING_PHASE1,Y
Ash,anime,SPECIES_MIME_JR,PENDING_PHASE1,Y
Ash,anime,SPECIES_MUNCHLAX,PENDING_PHASE1,Y
Ash,anime,SPECIES_NOIBAT,PENDING_PHASE1,Y
Ash,anime,SPECIES_OSHAWOTT,PENDING_PHASE1,Y
Ash,anime,SPECIES_PHANPY,PENDING_PHASE1,Y
Ash,anime,SPECIES_PICHU,PENDING_PHASE1,Y
Ash,anime,SPECIES_PIDGEY,PENDING_PHASE1,Y
Ash,anime,SPECIES_PIDOVE,PENDING_PHASE1,Y
Ash,anime,SPECIES_POIPOLE,PENDING_PHASE1,Y
Ash,anime,SPECIES_RATTATA,PENDING_PHASE1,Y
Ash,anime,SPECIES_RIOLU,PENDING_PHASE1,Y
Ash,anime,SPECIES_ROCKRUFF,PENDING_PHASE1,Y
Ash,anime,SPECIES_ROGGENROLA,PENDING_PHASE1,Y
Ash,anime,SPECIES_ROWLET,PENDING_PHASE1,Y
Ash,anime,SPECIES_SANDILE,PENDING_PHASE1,Y
Ash,anime,SPECIES_SCRAGGY,PENDING_PHASE1,Y
Ash,anime,SPECIES_SEWADDLE,PENDING_PHASE1,Y
Ash,anime,SPECIES_SNIVY,PENDING_PHASE1,Y
Ash,anime,SPECIES_SNORUNT,PENDING_PHASE1,Y
Ash,anime,SPECIES_SQUIRTLE,PENDING_PHASE1,Y
Ash,anime,SPECIES_STARLY,PENDING_PHASE1,Y
Ash,anime,SPECIES_TAILLOW,PENDING_PHASE1,Y
Ash,anime,SPECIES_TAUROS,PENDING_PHASE1,Y
Ash,anime,SPECIES_TEPIG,PENDING_PHASE1,Y
Ash,anime,SPECIES_TORKOAL,PENDING_PHASE1,Y
Ash,anime,SPECIES_TOTODILE,PENDING_PHASE1,Y
Ash,anime,SPECIES_TREECKO,PENDING_PHASE1,Y
Ash,anime,SPECIES_TURTWIG,PENDING_PHASE1,Y
Ash,anime,SPECIES_TYMPOLE,PENDING_PHASE1,Y
Barry,rival,SPECIES_BUDEW,PENDING_PHASE1,Y
Barry,rival,SPECIES_BUIZEL,PENDING_PHASE1,Y
Barry,rival,SPECIES_CHIMCHAR,PENDING_PHASE1,Y
Barry,rival,SPECIES_HERACROSS,PENDING_PHASE1,Y
Barry,rival,SPECIES_MUNCHLAX,PENDING_PHASE1,Y
Barry,rival,SPECIES_PIPLUP,PENDING_PHASE1,Y
Barry,rival,SPECIES_PONYTA,PENDING_PHASE1,Y
Barry,rival,SPECIES_SKARMORY,PENDING_PHASE1,Y
Barry,rival,SPECIES_STARLY,PENDING_PHASE1,Y
Barry,rival,SPECIES_TURTWIG,PENDING_PHASE1,Y
Barry,rival,SPECIES_TYROGUE,PENDING_PHASE1,Y
Bea,gymleader,SPECIES_CLOBBOPUS,PENDING_PHASE1,Y
Bea,gymleader,SPECIES_FALINKS,PENDING_PHASE1,Y
Bea,gymleader,SPECIES_FARFETCHD_GALAR,PENDING_PHASE1,Y
Bea,gymleader,SPECIES_HAWLUCHA,PENDING_PHASE1,Y
Bea,gymleader,SPECIES_MACHOP,PENDING_PHASE1,Y
Bea,gymleader,SPECIES_PANCHAM,PENDING_PHASE1,Y
Bea,gymleader,SPECIES_SAWK,PENDING_PHASE1,Y
Bea,gymleader,SPECIES_SCRAGGY,PENDING_PHASE1,Y
Bea,gymleader,SPECIES_THROH,PENDING_PHASE1,Y
Bea,gymleader,SPECIES_TYROGUE,PENDING_PHASE1,Y
Bea,gymleader,SPECIES_VANILLITE,PENDING_PHASE1,Y
Bede,rival,SPECIES_ARTICUNO,PENDING_PHASE1,Y
Bede,rival,SPECIES_EEVEE,PENDING_PHASE1,Y
Bede,rival,SPECIES_GOTHITA,PENDING_PHASE1,Y
Bede,rival,SPECIES_HATENNA,PENDING_PHASE1,Y
Bede,rival,SPECIES_IRON_VALIANT,PENDING_PHASE1,Y
Bede,rival,SPECIES_MAWILE,PENDING_PHASE1,Y
Bede,rival,SPECIES_PONYTA,PENDING_PHASE1,Y
Bede,rival,SPECIES_RALTS,PENDING_PHASE1,Y
Bede,rival,SPECIES_REGICE,PENDING_PHASE1,Y
Bede,rival,SPECIES_REGIROCK,PENDING_PHASE1,Y
Bede,rival,SPECIES_REGISTEEL,PENDING_PHASE1,Y
Bede,rival,SPECIES_SOBBLE,PENDING_PHASE1,Y
Bede,rival,SPECIES_SOLOSIS,PENDING_PHASE1,Y
Bertha,elite4,SPECIES_BARBOACH,PENDING_PHASE1,Y
Bertha,elite4,SPECIES_BONSLY,PENDING_PHASE1,Y
Bertha,elite4,SPECIES_GEODUDE,PENDING_PHASE1,Y
Bertha,elite4,SPECIES_GLIGAR,PENDING_PHASE1,Y
Bertha,elite4,SPECIES_HIPPOPOTAS,PENDING_PHASE1,Y
Bertha,elite4,SPECIES_NIDORAN_M,PENDING_PHASE1,Y
Bertha,elite4,SPECIES_ONIX,PENDING_PHASE1,Y
Bertha,elite4,SPECIES_PHANPY,PENDING_PHASE1,Y
Bertha,elite4,SPECIES_RHYHORN,PENDING_PHASE1,Y
Bertha,elite4,SPECIES_SWINUB,PENDING_PHASE1,Y
Bertha,elite4,SPECIES_WOOPER,PENDING_PHASE1,Y
Birch,professor,SPECIES_ARON,PENDING_PHASE1,Y
Birch,professor,SPECIES_CARVANHA,PENDING_PHASE1,Y
Birch,professor,SPECIES_CHIKORITA,PENDING_PHASE1,Y
Birch,professor,SPECIES_CHIMCHAR,PENDING_PHASE1,Y
Birch,professor,SPECIES_CYNDAQUIL,PENDING_PHASE1,Y
Birch,professor,SPECIES_LOTAD,PENDING_PHASE1,Y
Birch,professor,SPECIES_MAGIKARP,PENDING_PHASE1,Y
Birch,professor,SPECIES_MUDKIP,PENDING_PHASE1,Y
Birch,professor,SPECIES_OSHAWOTT,PENDING_PHASE1,Y
Birch,professor,SPECIES_PIPLUP,PENDING_PHASE1,Y
Birch,professor,SPECIES_SEEDOT,PENDING_PHASE1,Y
Birch,professor,SPECIES_SHROOMISH,PENDING_PHASE1,Y
Birch,professor,SPECIES_SNIVY,PENDING_PHASE1,Y
Birch,professor,SPECIES_TEPIG,PENDING_PHASE1,Y
Birch,professor,SPECIES_TORCHIC,PENDING_PHASE1,Y
Birch,professor,SPECIES_TOTODILE,PENDING_PHASE1,Y
Birch,professor,SPECIES_TREECKO,PENDING_PHASE1,Y
Birch,professor,SPECIES_TROPIUS,PENDING_PHASE1,Y
Birch,professor,SPECIES_TURTWIG,PENDING_PHASE1,Y
Birch,professor,SPECIES_WAILMER,PENDING_PHASE1,Y
Birch,professor,SPECIES_ZIGZAGOON,PENDING_PHASE1,Y
Blaine,gymleader,SPECIES_ARTICUNO,PENDING_PHASE1,Y
Blaine,gymleader,SPECIES_CHARMANDER,PENDING_PHASE1,Y
Blaine,gymleader,SPECIES_CLEFFA,PENDING_PHASE1,Y
Blaine,gymleader,SPECIES_EEVEE,PENDING_PHASE1,Y
Blaine,gymleader,SPECIES_GEODUDE,PENDING_PHASE1,Y
Blaine,gymleader,SPECIES_GROWLITHE,PENDING_PHASE1,Y
Blaine,gymleader,SPECIES_HAPPINY,PENDING_PHASE1,Y
Blaine,gymleader,SPECIES_HOUNDOUR,PENDING_PHASE1,Y
Blaine,gymleader,SPECIES_KANGASKHAN,PENDING_PHASE1,Y
Blaine,gymleader,SPECIES_MAGBY,PENDING_PHASE1,Y
Blaine,gymleader,SPECIES_MANKEY,PENDING_PHASE1,Y
Blaine,gymleader,SPECIES_MEOWTH,PENDING_PHASE1,Y
Blaine,gymleader,SPECIES_MIME_JR,PENDING_PHASE1,Y
Blaine,gymleader,SPECIES_MOLTRES,PENDING_PHASE1,Y
Blaine,gymleader,SPECIES_NUMEL,PENDING_PHASE1,Y
Blaine,gymleader,SPECIES_ODDISH,PENDING_PHASE1,Y
Blaine,gymleader,SPECIES_PARAS,PENDING_PHASE1,Y
Blaine,gymleader,SPECIES_PONYTA,PENDING_PHASE1,Y
Blaine,gymleader,SPECIES_REMORAID,PENDING_PHASE1,Y
Blaine,gymleader,SPECIES_RHYHORN,PENDING_PHASE1,Y
Blaine,gymleader,SPECIES_ROTOM,PENDING_PHASE1,Y
Blaine,gymleader,SPECIES_SLUGMA,PENDING_PHASE1,Y
Blaine,gymleader,SPECIES_TANGELA,PENDING_PHASE1,Y
Blaine,gymleader,SPECIES_TORKOAL,PENDING_PHASE1,Y
Blaine,gymleader,SPECIES_VOLTORB,PENDING_PHASE1,Y
Blaine,gymleader,SPECIES_VULPIX,PENDING_PHASE1,Y
Blue,champion,SPECIES_ABRA,PENDING_PHASE1,Y
Blue,champion,SPECIES_AERODACTYL,PENDING_PHASE1,Y
Blue,champion,SPECIES_BULBASAUR,PENDING_PHASE1,Y
Blue,champion,SPECIES_CHARMANDER,PENDING_PHASE1,Y
Blue,champion,SPECIES_CLEFFA,PENDING_PHASE1,Y
Blue,champion,SPECIES_EEVEE,PENDING_PHASE1,Y
Blue,champion,SPECIES_ELEKID,PENDING_PHASE1,Y
Blue,champion,SPECIES_EXEGGCUTE,PENDING_PHASE1,Y
Blue,champion,SPECIES_GASTLY,PENDING_PHASE1,Y
Blue,champion,SPECIES_GROWLITHE,PENDING_PHASE1,Y
Blue,champion,SPECIES_HERACROSS,PENDING_PHASE1,Y
Blue,champion,SPECIES_HORSEA,PENDING_PHASE1,Y
Blue,champion,SPECIES_HOUNDOUR,PENDING_PHASE1,Y
Blue,champion,SPECIES_LARVITAR,PENDING_PHASE1,Y
Blue,champion,SPECIES_MACHOP,PENDING_PHASE1,Y
Blue,champion,SPECIES_MAGIKARP,PENDING_PHASE1,Y
Blue,champion,SPECIES_MAGNEMITE,PENDING_PHASE1,Y
Blue,champion,SPECIES_MILTANK,PENDING_PHASE1,Y
Blue,champion,SPECIES_PIDGEY,PENDING_PHASE1,Y
Blue,champion,SPECIES_PINSIR,PENDING_PHASE1,Y
Blue,champion,SPECIES_RHYHORN,PENDING_PHASE1,Y
Blue,champion,SPECIES_SANDSHREW,PENDING_PHASE1,Y
Blue,champion,SPECIES_SCYTHER,PENDING_PHASE1,Y
Blue,champion,SPECIES_SHELLDER,PENDING_PHASE1,Y
Blue,champion,SPECIES_SLOWPOKE,PENDING_PHASE1,Y
Blue,champion,SPECIES_SQUIRTLE,PENDING_PHASE1,Y
Blue,champion,SPECIES_SWINUB,PENDING_PHASE1,Y
Blue,champion,SPECIES_TAUROS,PENDING_PHASE1,Y
Blue,champion,SPECIES_VULPIX,PENDING_PHASE1,Y
Blue,champion,SPECIES_ZAPDOS,PENDING_PHASE1,Y
Brandon,frontier,SPECIES_ARTICUNO,PENDING_PHASE1,Y
Brandon,frontier,SPECIES_DUSKULL,PENDING_PHASE1,Y
Brandon,frontier,SPECIES_MOLTRES,PENDING_PHASE1,Y
Brandon,frontier,SPECIES_NINCADA,PENDING_PHASE1,Y
Brandon,frontier,SPECIES_REGICE,PENDING_PHASE1,Y
Brandon,frontier,SPECIES_REGIGIGAS,PENDING_PHASE1,Y
Brandon,frontier,SPECIES_REGIROCK,PENDING_PHASE1,Y
Brandon,frontier,SPECIES_REGISTEEL,PENDING_PHASE1,Y
Brandon,frontier,SPECIES_SOLROCK,PENDING_PHASE1,Y
Brandon,frontier,SPECIES_ZAPDOS,PENDING_PHASE1,Y
Brassius,gymleader,SPECIES_BONSLY,PENDING_PHASE1,Y
Brassius,gymleader,SPECIES_BOUNSWEET,PENDING_PHASE1,Y
Brassius,gymleader,SPECIES_ODDISH,PENDING_PHASE1,Y
Brassius,gymleader,SPECIES_PETILIL,PENDING_PHASE1,Y
Brassius,gymleader,SPECIES_SHROOMISH,PENDING_PHASE1,Y
Brassius,gymleader,SPECIES_SMOLIV,PENDING_PHASE1,Y
Brassius,gymleader,SPECIES_SUNKERN,PENDING_PHASE1,Y
Brawly,gymleader,SPECIES_HERACROSS,PENDING_PHASE1,Y
Brawly,gymleader,SPECIES_MACHOP,PENDING_PHASE1,Y
Brawly,gymleader,SPECIES_MAKUHITA,PENDING_PHASE1,Y
Brawly,gymleader,SPECIES_MEDITITE,PENDING_PHASE1,Y
Brawly,gymleader,SPECIES_MIENFOO,PENDING_PHASE1,Y
Brawly,gymleader,SPECIES_SABLEYE,PENDING_PHASE1,Y
Brawly,gymleader,SPECIES_SCRAGGY,PENDING_PHASE1,Y
Brawly,gymleader,SPECIES_SHROOMISH,PENDING_PHASE1,Y
Brawly,gymleader,SPECIES_TYROGUE,PENDING_PHASE1,Y
Brendan,protagonist,SPECIES_ARON,PENDING_PHASE1,Y
Brendan,protagonist,SPECIES_BALTOY,PENDING_PHASE1,Y
Brendan,protagonist,SPECIES_GROUDON,PENDING_PHASE1,Y
Brendan,protagonist,SPECIES_LATIOS,PENDING_PHASE1,Y
Brendan,protagonist,SPECIES_LOTAD,PENDING_PHASE1,Y
Brendan,protagonist,SPECIES_MUDKIP,PENDING_PHASE1,Y
Brendan,protagonist,SPECIES_NUMEL,PENDING_PHASE1,Y
Brendan,protagonist,SPECIES_PICHU,PENDING_PHASE1,Y
Brendan,protagonist,SPECIES_RHYHORN,PENDING_PHASE1,Y
Brendan,protagonist,SPECIES_SEEDOT,PENDING_PHASE1,Y
Brendan,protagonist,SPECIES_SHROOMISH,PENDING_PHASE1,Y
Brendan,protagonist,SPECIES_SLUGMA,PENDING_PHASE1,Y
Brendan,protagonist,SPECIES_TAILLOW,PENDING_PHASE1,Y
Brendan,protagonist,SPECIES_TORCHIC,PENDING_PHASE1,Y
Brendan,protagonist,SPECIES_TREECKO,PENDING_PHASE1,Y
Brendan,protagonist,SPECIES_TROPIUS,PENDING_PHASE1,Y
Brendan,protagonist,SPECIES_WAILMER,PENDING_PHASE1,Y
Brendan,protagonist,SPECIES_WHISMUR,PENDING_PHASE1,Y
Brendan,protagonist,SPECIES_WINGULL,PENDING_PHASE1,Y
Brock,gymleader,SPECIES_AERODACTYL,PENDING_PHASE1,Y
Brock,gymleader,SPECIES_BONSLY,PENDING_PHASE1,Y
Brock,gymleader,SPECIES_COMFEY,PENDING_PHASE1,Y
Brock,gymleader,SPECIES_CRANIDOS,PENDING_PHASE1,Y
Brock,gymleader,SPECIES_CROAGUNK,PENDING_PHASE1,Y
Brock,gymleader,SPECIES_CUBONE,PENDING_PHASE1,Y
Brock,gymleader,SPECIES_DIGLETT,PENDING_PHASE1,Y
Brock,gymleader,SPECIES_GEODUDE,PENDING_PHASE1,Y
Brock,gymleader,SPECIES_HAPPINY,PENDING_PHASE1,Y
Brock,gymleader,SPECIES_HERACROSS,PENDING_PHASE1,Y
Brock,gymleader,SPECIES_KABUTO,PENDING_PHASE1,Y
Brock,gymleader,SPECIES_LARVITAR,PENDING_PHASE1,Y
Brock,gymleader,SPECIES_LOTAD,PENDING_PHASE1,Y
Brock,gymleader,SPECIES_MUDKIP,PENDING_PHASE1,Y
Brock,gymleader,SPECIES_ODDISH,PENDING_PHASE1,Y
Brock,gymleader,SPECIES_OMANYTE,PENDING_PHASE1,Y
Brock,gymleader,SPECIES_ONIX,PENDING_PHASE1,Y
Brock,gymleader,SPECIES_PICHU,PENDING_PHASE1,Y
Brock,gymleader,SPECIES_PINECO,PENDING_PHASE1,Y
Brock,gymleader,SPECIES_PINSIR,PENDING_PHASE1,Y
Brock,gymleader,SPECIES_RELICANTH,PENDING_PHASE1,Y
Brock,gymleader,SPECIES_RHYHORN,PENDING_PHASE1,Y
Brock,gymleader,SPECIES_SHUCKLE,PENDING_PHASE1,Y
Brock,gymleader,SPECIES_SLOWPOKE,PENDING_PHASE1,Y
Brock,gymleader,SPECIES_TEDDIURSA,PENDING_PHASE1,Y
Brock,gymleader,SPECIES_VULPIX,PENDING_PHASE1,Y
Brock,gymleader,SPECIES_ZUBAT,PENDING_PHASE1,Y
Bruno,elite4,SPECIES_CLEFFA,PENDING_PHASE1,Y
Bruno,elite4,SPECIES_EXEGGCUTE,PENDING_PHASE1,Y
Bruno,elite4,SPECIES_GEODUDE,PENDING_PHASE1,Y
Bruno,elite4,SPECIES_GRIMER,PENDING_PHASE1,Y
Bruno,elite4,SPECIES_HERACROSS,PENDING_PHASE1,Y
Bruno,elite4,SPECIES_KANGASKHAN,PENDING_PHASE1,Y
Bruno,elite4,SPECIES_MACHOP,PENDING_PHASE1,Y
Bruno,elite4,SPECIES_MAKUHITA,PENDING_PHASE1,Y
Bruno,elite4,SPECIES_MANKEY,PENDING_PHASE1,Y
Bruno,elite4,SPECIES_ONIX,PENDING_PHASE1,Y
Bruno,elite4,SPECIES_POLIWAG,PENDING_PHASE1,Y
Bruno,elite4,SPECIES_RHYHORN,PENDING_PHASE1,Y
Bruno,elite4,SPECIES_RIOLU,PENDING_PHASE1,Y
Bruno,elite4,SPECIES_SHELLDER,PENDING_PHASE1,Y
Bruno,elite4,SPECIES_SLOWPOKE,PENDING_PHASE1,Y
Bruno,elite4,SPECIES_SNUBBULL,PENDING_PHASE1,Y
Bruno,elite4,SPECIES_SQUIRTLE,PENDING_PHASE1,Y
Bruno,elite4,SPECIES_TEDDIURSA,PENDING_PHASE1,Y
Bruno,elite4,SPECIES_TYROGUE,PENDING_PHASE1,Y
Brycen,gymleader,SPECIES_CRYOGONAL,PENDING_PHASE1,Y
Brycen,gymleader,SPECIES_CUBCHOO,PENDING_PHASE1,Y
Brycen,gymleader,SPECIES_SEEL,PENDING_PHASE1,Y
Brycen,gymleader,SPECIES_SNEASEL,PENDING_PHASE1,Y
Brycen,gymleader,SPECIES_SPHEAL,PENDING_PHASE1,Y
Brycen,gymleader,SPECIES_VANILLITE,PENDING_PHASE1,Y
Brycen,gymleader,SPECIES_ZORUA,PENDING_PHASE1,Y
Bugsy,gymleader,SPECIES_ANORITH,PENDING_PHASE1,Y
Bugsy,gymleader,SPECIES_BELLSPROUT,PENDING_PHASE1,Y
Bugsy,gymleader,SPECIES_BONSLY,PENDING_PHASE1,Y
Bugsy,gymleader,SPECIES_CATERPIE,PENDING_PHASE1,Y
Bugsy,gymleader,SPECIES_COMBEE,PENDING_PHASE1,Y
Bugsy,gymleader,SPECIES_HERACROSS,PENDING_PHASE1,Y
Bugsy,gymleader,SPECIES_KRICKETOT,PENDING_PHASE1,Y
Bugsy,gymleader,SPECIES_LARVITAR,PENDING_PHASE1,Y
Bugsy,gymleader,SPECIES_NINCADA,PENDING_PHASE1,Y
Bugsy,gymleader,SPECIES_PINECO,PENDING_PHASE1,Y
Bugsy,gymleader,SPECIES_PINSIR,PENDING_PHASE1,Y
Bugsy,gymleader,SPECIES_RATTATA,PENDING_PHASE1,Y
Bugsy,gymleader,SPECIES_SCYTHER,PENDING_PHASE1,Y
Bugsy,gymleader,SPECIES_SHUCKLE,PENDING_PHASE1,Y
Bugsy,gymleader,SPECIES_SPINARAK,PENDING_PHASE1,Y
Bugsy,gymleader,SPECIES_UNOWN,PENDING_PHASE1,Y
Bugsy,gymleader,SPECIES_WEEDLE,PENDING_PHASE1,Y
Bugsy,gymleader,SPECIES_WOOPER,PENDING_PHASE1,Y
Bugsy,gymleader,SPECIES_YANMA,PENDING_PHASE1,Y
Burgh,gymleader,SPECIES_COMBEE,PENDING_PHASE1,Y
Burgh,gymleader,SPECIES_DURANT,PENDING_PHASE1,Y
Burgh,gymleader,SPECIES_DWEBBLE,PENDING_PHASE1,Y
Burgh,gymleader,SPECIES_HERACROSS,PENDING_PHASE1,Y
Burgh,gymleader,SPECIES_KARRABLAST,PENDING_PHASE1,Y
Burgh,gymleader,SPECIES_SEWADDLE,PENDING_PHASE1,Y
Burgh,gymleader,SPECIES_SHELMET,PENDING_PHASE1,Y
Burgh,gymleader,SPECIES_TOGEPI,PENDING_PHASE1,Y
Burgh,gymleader,SPECIES_VENIPEDE,PENDING_PHASE1,Y
Burnet,professor,SPECIES_MUNCHLAX,PENDING_PHASE1,Y
Byron,gymleader,SPECIES_ANORITH,PENDING_PHASE1,Y
Byron,gymleader,SPECIES_ARON,PENDING_PHASE1,Y
Byron,gymleader,SPECIES_BELDUM,PENDING_PHASE1,Y
Byron,gymleader,SPECIES_BRONZOR,PENDING_PHASE1,Y
Byron,gymleader,SPECIES_DRILBUR,PENDING_PHASE1,Y
Byron,gymleader,SPECIES_HEATRAN,PENDING_PHASE1,Y
Byron,gymleader,SPECIES_KABUTO,PENDING_PHASE1,Y
Byron,gymleader,SPECIES_LILEEP,PENDING_PHASE1,Y
Byron,gymleader,SPECIES_MAGNEMITE,PENDING_PHASE1,Y
Byron,gymleader,SPECIES_MOLTRES,PENDING_PHASE1,Y
Byron,gymleader,SPECIES_OMANYTE,PENDING_PHASE1,Y
Byron,gymleader,SPECIES_ONIX,PENDING_PHASE1,Y
Byron,gymleader,SPECIES_PINECO,PENDING_PHASE1,Y
Byron,gymleader,SPECIES_PIPLUP,PENDING_PHASE1,Y
Byron,gymleader,SPECIES_SCYTHER,PENDING_PHASE1,Y
Byron,gymleader,SPECIES_SHIELDON,PENDING_PHASE1,Y
Byron,gymleader,SPECIES_SKARMORY,PENDING_PHASE1,Y
Byron,gymleader,SPECIES_WINGULL,PENDING_PHASE1,Y
Caitlin,elite4,SPECIES_ABRA,PENDING_PHASE1,Y
Caitlin,elite4,SPECIES_BELDUM,PENDING_PHASE1,Y
Caitlin,elite4,SPECIES_BRONZOR,PENDING_PHASE1,Y
Caitlin,elite4,SPECIES_GOTHITA,PENDING_PHASE1,Y
Caitlin,elite4,SPECIES_MUNNA,PENDING_PHASE1,Y
Caitlin,elite4,SPECIES_RALTS,PENDING_PHASE1,Y
Caitlin,elite4,SPECIES_SABLEYE,PENDING_PHASE1,Y
Caitlin,elite4,SPECIES_SIGILYPH,PENDING_PHASE1,Y
Caitlin,elite4,SPECIES_SOLOSIS,PENDING_PHASE1,Y
Calem,protagonist,SPECIES_ABSOL,PENDING_PHASE1,Y
Calem,protagonist,SPECIES_BUNNELBY,PENDING_PHASE1,Y
Calem,protagonist,SPECIES_CHARMANDER,PENDING_PHASE1,Y
Calem,protagonist,SPECIES_CHESPIN,PENDING_PHASE1,Y
Calem,protagonist,SPECIES_CLEFFA,PENDING_PHASE1,Y
Calem,protagonist,SPECIES_EEVEE,PENDING_PHASE1,Y
Calem,protagonist,SPECIES_ESPURR,PENDING_PHASE1,Y
Calem,protagonist,SPECIES_FENNEKIN,PENDING_PHASE1,Y
Calem,protagonist,SPECIES_FLETCHLING,PENDING_PHASE1,Y
Calem,protagonist,SPECIES_FROAKIE,PENDING_PHASE1,Y
Calem,protagonist,SPECIES_SWABLU,PENDING_PHASE1,Y
Calem,protagonist,SPECIES_XERNEAS_NEUTRAL,PENDING_PHASE1,Y
Calem,protagonist,SPECIES_YVELTAL,PENDING_PHASE1,Y
Candice,gymleader,SPECIES_DARUMAKA,PENDING_PHASE1,Y
Candice,gymleader,SPECIES_DODUO,PENDING_PHASE1,Y
Candice,gymleader,SPECIES_EEVEE,PENDING_PHASE1,Y
Candice,gymleader,SPECIES_MEDITITE,PENDING_PHASE1,Y
Candice,gymleader,SPECIES_REGICE,PENDING_PHASE1,Y
Candice,gymleader,SPECIES_REGIROCK,PENDING_PHASE1,Y
Candice,gymleader,SPECIES_REGISTEEL,PENDING_PHASE1,Y
Candice,gymleader,SPECIES_SMOOCHUM,PENDING_PHASE1,Y
Candice,gymleader,SPECIES_SNEASEL,PENDING_PHASE1,Y
Candice,gymleader,SPECIES_SNORUNT,PENDING_PHASE1,Y
Candice,gymleader,SPECIES_SNOVER,PENDING_PHASE1,Y
Candice,gymleader,SPECIES_SWINUB,PENDING_PHASE1,Y
Cerise,professor,SPECIES_BULBASAUR,PENDING_PHASE1,Y
Cerise,professor,SPECIES_CHARMANDER,PENDING_PHASE1,Y
Cerise,professor,SPECIES_CLEFFA,PENDING_PHASE1,Y
Cerise,professor,SPECIES_PIPLUP,PENDING_PHASE1,Y
Cerise,professor,SPECIES_ROTOM,PENDING_PHASE1,Y
Cerise,professor,SPECIES_SQUIRTLE,PENDING_PHASE1,Y
Cerise,professor,SPECIES_YAMPER,PENDING_PHASE1,Y
Cheren,gymleader,SPECIES_AXEW,PENDING_PHASE1,Y
Cheren,gymleader,SPECIES_BASCULIN_RED_STRIPED,PENDING_PHASE1,Y
Cheren,gymleader,SPECIES_BOUFFALANT,PENDING_PHASE1,Y
Cheren,gymleader,SPECIES_BUNEARY,PENDING_PHASE1,Y
Cheren,gymleader,SPECIES_CASTFORM_NORMAL,PENDING_PHASE1,Y
Cheren,gymleader,SPECIES_CUBCHOO,PENDING_PHASE1,Y
Cheren,gymleader,SPECIES_LICKITUNG,PENDING_PHASE1,Y
Cheren,gymleader,SPECIES_LILLIPUP,PENDING_PHASE1,Y
Cheren,gymleader,SPECIES_MINCCINO,PENDING_PHASE1,Y
Cheren,gymleader,SPECIES_OSHAWOTT,PENDING_PHASE1,Y
Cheren,gymleader,SPECIES_PANPOUR,PENDING_PHASE1,Y
Cheren,gymleader,SPECIES_PANSAGE,PENDING_PHASE1,Y
Cheren,gymleader,SPECIES_PANSEAR,PENDING_PHASE1,Y
Cheren,gymleader,SPECIES_PATRAT,PENDING_PHASE1,Y
Cheren,gymleader,SPECIES_PAWNIARD,PENDING_PHASE1,Y
Cheren,gymleader,SPECIES_PIDOVE,PENDING_PHASE1,Y
Cheren,gymleader,SPECIES_PORYGON,PENDING_PHASE1,Y
Cheren,gymleader,SPECIES_PURRLOIN,PENDING_PHASE1,Y
Cheren,gymleader,SPECIES_ROGGENROLA,PENDING_PHASE1,Y
Cheren,gymleader,SPECIES_SNIVY,PENDING_PHASE1,Y
Cheren,gymleader,SPECIES_TEPIG,PENDING_PHASE1,Y
Cheren,gymleader,SPECIES_TORNADUS_INCARNATE,PENDING_PHASE1,Y
Cheren,gymleader,SPECIES_ZANGOOSE,PENDING_PHASE1,Y
Chili,gymleader,SPECIES_DARUMAKA,PENDING_PHASE1,Y
Chili,gymleader,SPECIES_GROWLITHE,PENDING_PHASE1,Y
Chili,gymleader,SPECIES_HEATMOR,PENDING_PHASE1,Y
Chili,gymleader,SPECIES_LILLIPUP,PENDING_PHASE1,Y
Chili,gymleader,SPECIES_MAGBY,PENDING_PHASE1,Y
Chili,gymleader,SPECIES_NUMEL,PENDING_PHASE1,Y
Chili,gymleader,SPECIES_PANSEAR,PENDING_PHASE1,Y
Chili,gymleader,SPECIES_TEPIG,PENDING_PHASE1,Y
Chloe,anime,SPECIES_EEVEE,PENDING_PHASE1,Y
Chloe,anime,SPECIES_PIDOVE,PENDING_PHASE1,Y
Chloe,anime,SPECIES_PONYTA,PENDING_PHASE1,Y
Chloe,anime,SPECIES_ROTOM,PENDING_PHASE1,Y
Chloe,anime,SPECIES_YAMPER,PENDING_PHASE1,Y
Chuck,gymleader,SPECIES_DROWZEE,PENDING_PHASE1,Y
Chuck,gymleader,SPECIES_MACHOP,PENDING_PHASE1,Y
Chuck,gymleader,SPECIES_MANKEY,PENDING_PHASE1,Y
Chuck,gymleader,SPECIES_MAREEP,PENDING_PHASE1,Y
Chuck,gymleader,SPECIES_MEDITITE,PENDING_PHASE1,Y
Chuck,gymleader,SPECIES_POLIWAG,PENDING_PHASE1,Y
Chuck,gymleader,SPECIES_SANDSHREW,PENDING_PHASE1,Y
Chuck,gymleader,SPECIES_SHROOMISH,PENDING_PHASE1,Y
Chuck,gymleader,SPECIES_SNUBBULL,PENDING_PHASE1,Y
Chuck,gymleader,SPECIES_TEDDIURSA,PENDING_PHASE1,Y
Chuck,gymleader,SPECIES_TIMBURR,PENDING_PHASE1,Y
Chuck,gymleader,SPECIES_TYROGUE,PENDING_PHASE1,Y
Cilan,gymleader,SPECIES_BASCULIN_RED_STRIPED,PENDING_PHASE1,Y
Cilan,gymleader,SPECIES_COTTONEE,PENDING_PHASE1,Y
Cilan,gymleader,SPECIES_DWEBBLE,PENDING_PHASE1,Y
Cilan,gymleader,SPECIES_FERROSEED,PENDING_PHASE1,Y
Cilan,gymleader,SPECIES_HOPPIP,PENDING_PHASE1,Y
Cilan,gymleader,SPECIES_LILLIPUP,PENDING_PHASE1,Y
Cilan,gymleader,SPECIES_MARACTUS,PENDING_PHASE1,Y
Cilan,gymleader,SPECIES_PANSAGE,PENDING_PHASE1,Y
Cilan,gymleader,SPECIES_PETILIL,PENDING_PHASE1,Y
Cilan,gymleader,SPECIES_SNIVY,PENDING_PHASE1,Y
Cilan,gymleader,SPECIES_STUNFISK,PENDING_PHASE1,Y
Clair,gymleader,SPECIES_AERODACTYL,PENDING_PHASE1,Y
Clair,gymleader,SPECIES_BAGON,PENDING_PHASE1,Y
Clair,gymleader,SPECIES_CHARMANDER,PENDING_PHASE1,Y
Clair,gymleader,SPECIES_DRAMPA,PENDING_PHASE1,Y
Clair,gymleader,SPECIES_DRATINI,PENDING_PHASE1,Y
Clair,gymleader,SPECIES_DRUDDIGON,PENDING_PHASE1,Y
Clair,gymleader,SPECIES_GIBLE,PENDING_PHASE1,Y
Clair,gymleader,SPECIES_GROWLITHE,PENDING_PHASE1,Y
Clair,gymleader,SPECIES_HORSEA,PENDING_PHASE1,Y
Clair,gymleader,SPECIES_LAPRAS,PENDING_PHASE1,Y
Clair,gymleader,SPECIES_MAGIKARP,PENDING_PHASE1,Y
Clair,gymleader,SPECIES_MAREEP,PENDING_PHASE1,Y
Clair,gymleader,SPECIES_NIDORAN_M,PENDING_PHASE1,Y
Clair,gymleader,SPECIES_RHYHORN,PENDING_PHASE1,Y
Clair,gymleader,SPECIES_SWABLU,PENDING_PHASE1,Y
Clay,gymleader,SPECIES_BALTOY,PENDING_PHASE1,Y
Clay,gymleader,SPECIES_DRILBUR,PENDING_PHASE1,Y
Clay,gymleader,SPECIES_GOLETT,PENDING_PHASE1,Y
Clay,gymleader,SPECIES_ONIX,PENDING_PHASE1,Y
Clay,gymleader,SPECIES_SANDILE,PENDING_PHASE1,Y
Clay,gymleader,SPECIES_SANDSHREW,PENDING_PHASE1,Y
Clay,gymleader,SPECIES_SWINUB,PENDING_PHASE1,Y
Clay,gymleader,SPECIES_TRAPINCH,PENDING_PHASE1,Y
Clay,gymleader,SPECIES_TYMPOLE,PENDING_PHASE1,Y
Clemont,gymleader,SPECIES_BUNNELBY,PENDING_PHASE1,Y
Clemont,gymleader,SPECIES_CHESPIN,PENDING_PHASE1,Y
Clemont,gymleader,SPECIES_DEDENNE,PENDING_PHASE1,Y
Clemont,gymleader,SPECIES_ELECTRIKE,PENDING_PHASE1,Y
Clemont,gymleader,SPECIES_EMOLGA,PENDING_PHASE1,Y
Clemont,gymleader,SPECIES_HELIOPTILE,PENDING_PHASE1,Y
Clemont,gymleader,SPECIES_MAGNEMITE,PENDING_PHASE1,Y
Clemont,gymleader,SPECIES_MAREEP,PENDING_PHASE1,Y
Clemont,gymleader,SPECIES_PACHIRISU,PENDING_PHASE1,Y
Clemont,gymleader,SPECIES_SHINX,PENDING_PHASE1,Y
Clemont,gymleader,SPECIES_STUNFISK,PENDING_PHASE1,Y
Clemont,gymleader,SPECIES_VOLTORB,PENDING_PHASE1,Y
Colress,villain,SPECIES_BELDUM,PENDING_PHASE1,Y
Colress,villain,SPECIES_ELGYEM,PENDING_PHASE1,Y
Colress,villain,SPECIES_GENESECT,PENDING_PHASE1,Y
Colress,villain,SPECIES_GRIMER,PENDING_PHASE1,Y
Colress,villain,SPECIES_KLINK,PENDING_PHASE1,Y
Colress,villain,SPECIES_MAGNEMITE,PENDING_PHASE1,Y
Colress,villain,SPECIES_PORYGON,PENDING_PHASE1,Y
Colress,villain,SPECIES_ROTOM,PENDING_PHASE1,Y
Colress,villain,SPECIES_VOLTORB,PENDING_PHASE1,Y
Crasher Wake,gymleader,SPECIES_ANORITH,PENDING_PHASE1,Y
Crasher Wake,gymleader,SPECIES_BUIZEL,PENDING_PHASE1,Y
Crasher Wake,gymleader,SPECIES_CARVANHA,PENDING_PHASE1,Y
Crasher Wake,gymleader,SPECIES_CLAMPERL,PENDING_PHASE1,Y
Crasher Wake,gymleader,SPECIES_FINNEON,PENDING_PHASE1,Y
Crasher Wake,gymleader,SPECIES_HORSEA,PENDING_PHASE1,Y
Crasher Wake,gymleader,SPECIES_LOTAD,PENDING_PHASE1,Y
Crasher Wake,gymleader,SPECIES_MAGIKARP,PENDING_PHASE1,Y
Crasher Wake,gymleader,SPECIES_MUDKIP,PENDING_PHASE1,Y
Crasher Wake,gymleader,SPECIES_PIPLUP,PENDING_PHASE1,Y
Crasher Wake,gymleader,SPECIES_POLIWAG,PENDING_PHASE1,Y
Crasher Wake,gymleader,SPECIES_SCYTHER,PENDING_PHASE1,Y
Crasher Wake,gymleader,SPECIES_SHELLOS_WEST,PENDING_PHASE1,Y
Crasher Wake,gymleader,SPECIES_SUICUNE,PENDING_PHASE1,Y
Crasher Wake,gymleader,SPECIES_WINGULL,PENDING_PHASE1,Y
Crasher Wake,gymleader,SPECIES_WOOPER,PENDING_PHASE1,Y
Cress,gymleader,SPECIES_AZURILL,PENDING_PHASE1,Y
Cress,gymleader,SPECIES_BASCULIN_RED_STRIPED,PENDING_PHASE1,Y
Cress,gymleader,SPECIES_BUIZEL,PENDING_PHASE1,Y
Cress,gymleader,SPECIES_CORPHISH,PENDING_PHASE1,Y
Cress,gymleader,SPECIES_LILLIPUP,PENDING_PHASE1,Y
Cress,gymleader,SPECIES_OSHAWOTT,PENDING_PHASE1,Y
Cress,gymleader,SPECIES_PANPOUR,PENDING_PHASE1,Y
Cress,gymleader,SPECIES_PSYDUCK,PENDING_PHASE1,Y
Cress,gymleader,SPECIES_SLOWPOKE,PENDING_PHASE1,Y
Cress,gymleader,SPECIES_TYMPOLE,PENDING_PHASE1,Y
Cynthia,champion,SPECIES_BUDEW,PENDING_PHASE1,Y
Cynthia,champion,SPECIES_EEVEE,PENDING_PHASE1,Y
Cynthia,champion,SPECIES_FEEBAS,PENDING_PHASE1,Y
Cynthia,champion,SPECIES_GIBLE,PENDING_PHASE1,Y
Cynthia,champion,SPECIES_GIRATINA_ALTERED,PENDING_PHASE1,Y
Cynthia,champion,SPECIES_JANGMO_O,PENDING_PHASE1,Y
Cynthia,champion,SPECIES_PORYGON,PENDING_PHASE1,Y
Cynthia,champion,SPECIES_RIOLU,PENDING_PHASE1,Y
Cynthia,champion,SPECIES_RUFFLET,PENDING_PHASE1,Y
Cynthia,champion,SPECIES_SHELLOS_WEST,PENDING_PHASE1,Y
Cynthia,champion,SPECIES_SPIRITOMB,PENDING_PHASE1,Y
Cynthia,champion,SPECIES_TOGEPI,PENDING_PHASE1,Y
Cynthia,champion,SPECIES_TYNAMO,PENDING_PHASE1,Y
Cyrus,villain,SPECIES_BAGON,PENDING_PHASE1,Y
Cyrus,villain,SPECIES_DARKRAI,PENDING_PHASE1,Y
Cyrus,villain,SPECIES_DIALGA,PENDING_PHASE1,Y
Cyrus,villain,SPECIES_ENTEI,PENDING_PHASE1,Y
Cyrus,villain,SPECIES_HOUNDOUR,PENDING_PHASE1,Y
Cyrus,villain,SPECIES_MAGIKARP,PENDING_PHASE1,Y
Cyrus,villain,SPECIES_MAGNEMITE,PENDING_PHASE1,Y
Cyrus,villain,SPECIES_MURKROW,PENDING_PHASE1,Y
Cyrus,villain,SPECIES_NOSEPASS,PENDING_PHASE1,Y
Cyrus,villain,SPECIES_PALKIA,PENDING_PHASE1,Y
Cyrus,villain,SPECIES_ROTOM,PENDING_PHASE1,Y
Cyrus,villain,SPECIES_SNEASEL,PENDING_PHASE1,Y
Cyrus,villain,SPECIES_ZUBAT,PENDING_PHASE1,Y
Dahlia,frontier,SPECIES_DUSKULL,PENDING_PHASE1,Y
Dahlia,frontier,SPECIES_LOTAD,PENDING_PHASE1,Y
Dahlia,frontier,SPECIES_MEDITITE,PENDING_PHASE1,Y
Dahlia,frontier,SPECIES_TOGEPI,PENDING_PHASE1,Y
Dahlia,frontier,SPECIES_TORCHIC,PENDING_PHASE1,Y
Dahlia,frontier,SPECIES_ZAPDOS,PENDING_PHASE1,Y
Darach,frontier,SPECIES_ENTEI,PENDING_PHASE1,Y
Darach,frontier,SPECIES_HOUNDOUR,PENDING_PHASE1,Y
Darach,frontier,SPECIES_PIPLUP,PENDING_PHASE1,Y
Darach,frontier,SPECIES_RALTS,PENDING_PHASE1,Y
Darach,frontier,SPECIES_STARLY,PENDING_PHASE1,Y
Dawn,protagonist,SPECIES_ABRA,PENDING_PHASE1,Y
Dawn,protagonist,SPECIES_AIPOM,PENDING_PHASE1,Y
Dawn,protagonist,SPECIES_ALCREMIE_GMAX,PENDING_PHASE1,Y
Dawn,protagonist,SPECIES_BIDOOF,PENDING_PHASE1,Y
Dawn,protagonist,SPECIES_BUIZEL,PENDING_PHASE1,Y
Dawn,protagonist,SPECIES_BUNEARY,PENDING_PHASE1,Y
Dawn,protagonist,SPECIES_BURMY_PLANT,PENDING_PHASE1,Y
Dawn,protagonist,SPECIES_CHIMCHAR,PENDING_PHASE1,Y
Dawn,protagonist,SPECIES_CLAMPERL,PENDING_PHASE1,Y
Dawn,protagonist,SPECIES_CLEFFA,PENDING_PHASE1,Y
Dawn,protagonist,SPECIES_CRESSELIA,PENDING_PHASE1,Y
Dawn,protagonist,SPECIES_CYNDAQUIL,PENDING_PHASE1,Y
Dawn,protagonist,SPECIES_FEEBAS,PENDING_PHASE1,Y
Dawn,protagonist,SPECIES_GROWLITHE,PENDING_PHASE1,Y
Dawn,protagonist,SPECIES_LICKITUNG,PENDING_PHASE1,Y
Dawn,protagonist,SPECIES_MAGBY,PENDING_PHASE1,Y
Dawn,protagonist,SPECIES_MIME_JR,PENDING_PHASE1,Y
Dawn,protagonist,SPECIES_MURKROW,PENDING_PHASE1,Y
Dawn,protagonist,SPECIES_ODDISH,PENDING_PHASE1,Y
Dawn,protagonist,SPECIES_ORICORIO_BAILE,PENDING_PHASE1,Y
Dawn,protagonist,SPECIES_OSHAWOTT,PENDING_PHASE1,Y
Dawn,protagonist,SPECIES_PACHIRISU,PENDING_PHASE1,Y
Dawn,protagonist,SPECIES_PIPLUP,PENDING_PHASE1,Y
Dawn,protagonist,SPECIES_SNORUNT,PENDING_PHASE1,Y
Dawn,protagonist,SPECIES_SQUIRTLE,PENDING_PHASE1,Y
Dawn,protagonist,SPECIES_SWINUB,PENDING_PHASE1,Y
Dawn,protagonist,SPECIES_TANGELA,PENDING_PHASE1,Y
Dawn,protagonist,SPECIES_TOGEPI,PENDING_PHASE1,Y
Dawn,protagonist,SPECIES_TREECKO,PENDING_PHASE1,Y
Dawn,protagonist,SPECIES_TURTWIG,PENDING_PHASE1,Y
Dawn,protagonist,SPECIES_ZUBAT,PENDING_PHASE1,Y
Diantha,champion,SPECIES_AMAURA,PENDING_PHASE1,Y
Diantha,champion,SPECIES_DIANCIE,PENDING_PHASE1,Y
Diantha,champion,SPECIES_GOOMY,PENDING_PHASE1,Y
Diantha,champion,SPECIES_HAWLUCHA,PENDING_PHASE1,Y
Diantha,champion,SPECIES_KELDEO_ORDINARY,PENDING_PHASE1,Y
Diantha,champion,SPECIES_PUMPKABOO_AVERAGE,PENDING_PHASE1,Y
Diantha,champion,SPECIES_RALTS,PENDING_PHASE1,Y
Diantha,champion,SPECIES_TYRUNT,PENDING_PHASE1,Y
Drake,elite4,SPECIES_AXEW,PENDING_PHASE1,Y
Drake,elite4,SPECIES_BAGON,PENDING_PHASE1,Y
Drake,elite4,SPECIES_HORSEA,PENDING_PHASE1,Y
Drake,elite4,SPECIES_SKRELP,PENDING_PHASE1,Y
Drake,elite4,SPECIES_SWABLU,PENDING_PHASE1,Y
Drake,elite4,SPECIES_TRAPINCH,PENDING_PHASE1,Y
Drayden,gymleader,SPECIES_AXEW,PENDING_PHASE1,Y
Drayden,gymleader,SPECIES_BAGON,PENDING_PHASE1,Y
Drayden,gymleader,SPECIES_DEINO,PENDING_PHASE1,Y
Drayden,gymleader,SPECIES_DRUDDIGON,PENDING_PHASE1,Y
Drayden,gymleader,SPECIES_SWABLU,PENDING_PHASE1,Y
Drayden,gymleader,SPECIES_TRAPINCH,PENDING_PHASE1,Y
Drew,anime,SPECIES_ABSOL,PENDING_PHASE1,Y
Drew,anime,SPECIES_BUDEW,PENDING_PHASE1,Y
Drew,anime,SPECIES_CATERPIE,PENDING_PHASE1,Y
Drew,anime,SPECIES_SURSKIT,PENDING_PHASE1,Y
Drew,anime,SPECIES_TRAPINCH,PENDING_PHASE1,Y
Elesa,gymleader,SPECIES_BLITZLE,PENDING_PHASE1,Y
Elesa,gymleader,SPECIES_EMOLGA,PENDING_PHASE1,Y
Elesa,gymleader,SPECIES_JOLTIK,PENDING_PHASE1,Y
Elesa,gymleader,SPECIES_MAREEP,PENDING_PHASE1,Y
Elesa,gymleader,SPECIES_ROTOM,PENDING_PHASE1,Y
Elesa,gymleader,SPECIES_SHINX,PENDING_PHASE1,Y
Elesa,gymleader,SPECIES_STUNFISK,PENDING_PHASE1,Y
Elesa,gymleader,SPECIES_THUNDURUS_INCARNATE,PENDING_PHASE1,Y
Elesa,gymleader,SPECIES_TOGEPI,PENDING_PHASE1,Y
Elesa,gymleader,SPECIES_TYNAMO,PENDING_PHASE1,Y
Elio,protagonist,SPECIES_BUZZWOLE,PENDING_PHASE1,Y
Elio,protagonist,SPECIES_CELESTEELA,PENDING_PHASE1,Y
Elio,protagonist,SPECIES_COSMOG,PENDING_PHASE1,Y
Elio,protagonist,SPECIES_EEVEE,PENDING_PHASE1,Y
Elio,protagonist,SPECIES_GUZZLORD,PENDING_PHASE1,Y
Elio,protagonist,SPECIES_KARTANA,PENDING_PHASE1,Y
Elio,protagonist,SPECIES_LITTEN,PENDING_PHASE1,Y
Elio,protagonist,SPECIES_NECROZMA,PENDING_PHASE1,Y
Elio,protagonist,SPECIES_NIHILEGO,PENDING_PHASE1,Y
Elio,protagonist,SPECIES_PHEROMOSA,PENDING_PHASE1,Y
Elio,protagonist,SPECIES_POPPLIO,PENDING_PHASE1,Y
Elio,protagonist,SPECIES_ROCKRUFF,PENDING_PHASE1,Y
Elio,protagonist,SPECIES_ROTOM,PENDING_PHASE1,Y
Elio,protagonist,SPECIES_ROWLET,PENDING_PHASE1,Y
Elio,protagonist,SPECIES_STAKATAKA,PENDING_PHASE1,Y
Elio,protagonist,SPECIES_TYPE_NULL,PENDING_PHASE1,Y
Elio,protagonist,SPECIES_XURKITREE,PENDING_PHASE1,Y
Elm,professor,SPECIES_BONSLY,PENDING_PHASE1,Y
Elm,professor,SPECIES_CHIKORITA,PENDING_PHASE1,Y
Elm,professor,SPECIES_CORSOLA,PENDING_PHASE1,Y
Elm,professor,SPECIES_CYNDAQUIL,PENDING_PHASE1,Y
Elm,professor,SPECIES_LARVITAR,PENDING_PHASE1,Y
Elm,professor,SPECIES_SENTRET,PENDING_PHASE1,Y
Elm,professor,SPECIES_TOGEPI,PENDING_PHASE1,Y
Elm,professor,SPECIES_TOTODILE,PENDING_PHASE1,Y
Erika,gymleader,SPECIES_BELLSPROUT,PENDING_PHASE1,Y
Erika,gymleader,SPECIES_BUDEW,PENDING_PHASE1,Y
Erika,gymleader,SPECIES_BULBASAUR,PENDING_PHASE1,Y
Erika,gymleader,SPECIES_CLEFFA,PENDING_PHASE1,Y
Erika,gymleader,SPECIES_COMFEY,PENDING_PHASE1,Y
Erika,gymleader,SPECIES_COTTONEE,PENDING_PHASE1,Y
Erika,gymleader,SPECIES_CUBONE,PENDING_PHASE1,Y
Erika,gymleader,SPECIES_EEVEE,PENDING_PHASE1,Y
Erika,gymleader,SPECIES_EXEGGCUTE,PENDING_PHASE1,Y
Erika,gymleader,SPECIES_FOMANTIS,PENDING_PHASE1,Y
Erika,gymleader,SPECIES_HAPPINY,PENDING_PHASE1,Y
Erika,gymleader,SPECIES_HOPPIP,PENDING_PHASE1,Y
Erika,gymleader,SPECIES_LILEEP,PENDING_PHASE1,Y
Erika,gymleader,SPECIES_MANTYKE,PENDING_PHASE1,Y
Erika,gymleader,SPECIES_ODDISH,PENDING_PHASE1,Y
Erika,gymleader,SPECIES_PARAS,PENDING_PHASE1,Y
Erika,gymleader,SPECIES_PETILIL,PENDING_PHASE1,Y
Erika,gymleader,SPECIES_SEEDOT,PENDING_PHASE1,Y
Erika,gymleader,SPECIES_SEEL,PENDING_PHASE1,Y
Erika,gymleader,SPECIES_SNOVER,PENDING_PHASE1,Y
Erika,gymleader,SPECIES_TANGELA,PENDING_PHASE1,Y
Erika,gymleader,SPECIES_VULPIX,PENDING_PHASE1,Y
Ethan,protagonist,SPECIES_AZURILL,PENDING_PHASE1,Y
Ethan,protagonist,SPECIES_BULBASAUR,PENDING_PHASE1,Y
Ethan,protagonist,SPECIES_CHIKORITA,PENDING_PHASE1,Y
Ethan,protagonist,SPECIES_CYNDAQUIL,PENDING_PHASE1,Y
Ethan,protagonist,SPECIES_HO_OH,PENDING_PHASE1,Y
Ethan,protagonist,SPECIES_LUGIA,PENDING_PHASE1,Y
Ethan,protagonist,SPECIES_PHANPY,PENDING_PHASE1,Y
Ethan,protagonist,SPECIES_PORYGON,PENDING_PHASE1,Y
Ethan,protagonist,SPECIES_RAIKOU,PENDING_PHASE1,Y
Ethan,protagonist,SPECIES_RATTATA,PENDING_PHASE1,Y
Ethan,protagonist,SPECIES_TANGELA,PENDING_PHASE1,Y
Ethan,protagonist,SPECIES_TAUROS,PENDING_PHASE1,Y
Ethan,protagonist,SPECIES_TOTODILE,PENDING_PHASE1,Y
Falkner,gymleader,SPECIES_AERODACTYL,PENDING_PHASE1,Y
Falkner,gymleader,SPECIES_ARTICUNO,PENDING_PHASE1,Y
Falkner,gymleader,SPECIES_CHARMANDER,PENDING_PHASE1,Y
Falkner,gymleader,SPECIES_DELIBIRD,PENDING_PHASE1,Y
Falkner,gymleader,SPECIES_DODUO,PENDING_PHASE1,Y
Falkner,gymleader,SPECIES_FARFETCHD,PENDING_PHASE1,Y
Falkner,gymleader,SPECIES_GLIGAR,PENDING_PHASE1,Y
Falkner,gymleader,SPECIES_HOOTHOOT,PENDING_PHASE1,Y
Falkner,gymleader,SPECIES_LUGIA,PENDING_PHASE1,Y
Falkner,gymleader,SPECIES_MURKROW,PENDING_PHASE1,Y
Falkner,gymleader,SPECIES_NATU,PENDING_PHASE1,Y
Falkner,gymleader,SPECIES_PIDGEY,PENDING_PHASE1,Y
Falkner,gymleader,SPECIES_SKARMORY,PENDING_PHASE1,Y
Falkner,gymleader,SPECIES_SPEAROW,PENDING_PHASE1,Y
Falkner,gymleader,SPECIES_STARLY,PENDING_PHASE1,Y
Falkner,gymleader,SPECIES_TAILLOW,PENDING_PHASE1,Y
Falkner,gymleader,SPECIES_TOGEPI,PENDING_PHASE1,Y
Falkner,gymleader,SPECIES_WINGULL,PENDING_PHASE1,Y
Falkner,gymleader,SPECIES_ZAPDOS,PENDING_PHASE1,Y
Falkner,gymleader,SPECIES_ZUBAT,PENDING_PHASE1,Y
Fantina,gymleader,SPECIES_CORPHISH,PENDING_PHASE1,Y
Fantina,gymleader,SPECIES_DRATINI,PENDING_PHASE1,Y
Fantina,gymleader,SPECIES_DRIFLOON,PENDING_PHASE1,Y
Fantina,gymleader,SPECIES_DUSKULL,PENDING_PHASE1,Y
Fantina,gymleader,SPECIES_FRILLISH,PENDING_PHASE1,Y
Fantina,gymleader,SPECIES_GASTLY,PENDING_PHASE1,Y
Fantina,gymleader,SPECIES_GIRATINA_ALTERED,PENDING_PHASE1,Y
Fantina,gymleader,SPECIES_MISDREAVUS,PENDING_PHASE1,Y
Fantina,gymleader,SPECIES_NINCADA,PENDING_PHASE1,Y
Fantina,gymleader,SPECIES_ROTOM,PENDING_PHASE1,Y
Fantina,gymleader,SPECIES_SABLEYE,PENDING_PHASE1,Y
Fantina,gymleader,SPECIES_SHUPPET,PENDING_PHASE1,Y
Fantina,gymleader,SPECIES_SNORUNT,PENDING_PHASE1,Y
Fantina,gymleader,SPECIES_SPIRITOMB,PENDING_PHASE1,Y
Flannery,gymleader,SPECIES_GROWLITHE,PENDING_PHASE1,Y
Flannery,gymleader,SPECIES_HOUNDOUR,PENDING_PHASE1,Y
Flannery,gymleader,SPECIES_LITWICK,PENDING_PHASE1,Y
Flannery,gymleader,SPECIES_MAGBY,PENDING_PHASE1,Y
Flannery,gymleader,SPECIES_NUMEL,PENDING_PHASE1,Y
Flannery,gymleader,SPECIES_PONYTA,PENDING_PHASE1,Y
Flannery,gymleader,SPECIES_SLUGMA,PENDING_PHASE1,Y
Flannery,gymleader,SPECIES_TORCHIC,PENDING_PHASE1,Y
Flannery,gymleader,SPECIES_TORKOAL,PENDING_PHASE1,Y
Flannery,gymleader,SPECIES_VULPIX,PENDING_PHASE1,Y
Flint,elite4,SPECIES_BUNEARY,PENDING_PHASE1,Y
Flint,elite4,SPECIES_CHIMCHAR,PENDING_PHASE1,Y
Flint,elite4,SPECIES_DRIFLOON,PENDING_PHASE1,Y
Flint,elite4,SPECIES_EEVEE,PENDING_PHASE1,Y
Flint,elite4,SPECIES_ELEKID,PENDING_PHASE1,Y
Flint,elite4,SPECIES_ENTEI,PENDING_PHASE1,Y
Flint,elite4,SPECIES_GROWLITHE,PENDING_PHASE1,Y
Flint,elite4,SPECIES_HOUNDOUR,PENDING_PHASE1,Y
Flint,elite4,SPECIES_MAGBY,PENDING_PHASE1,Y
Flint,elite4,SPECIES_ONIX,PENDING_PHASE1,Y
Flint,elite4,SPECIES_PONYTA,PENDING_PHASE1,Y
Flint,elite4,SPECIES_ROTOM,PENDING_PHASE1,Y
Flint,elite4,SPECIES_SHINX,PENDING_PHASE1,Y
Flint,elite4,SPECIES_TORCHIC,PENDING_PHASE1,Y
Flint,elite4,SPECIES_VULPIX,PENDING_PHASE1,Y
Gardenia,gymleader,SPECIES_BELLSPROUT,PENDING_PHASE1,Y
Gardenia,gymleader,SPECIES_BUDEW,PENDING_PHASE1,Y
Gardenia,gymleader,SPECIES_BULBASAUR,PENDING_PHASE1,Y
Gardenia,gymleader,SPECIES_CARNIVINE,PENDING_PHASE1,Y
Gardenia,gymleader,SPECIES_CHERUBI,PENDING_PHASE1,Y
Gardenia,gymleader,SPECIES_DHELMISE,PENDING_PHASE1,Y
Gardenia,gymleader,SPECIES_EEVEE,PENDING_PHASE1,Y
Gardenia,gymleader,SPECIES_FEEBAS,PENDING_PHASE1,Y
Gardenia,gymleader,SPECIES_HOPPIP,PENDING_PHASE1,Y
Gardenia,gymleader,SPECIES_LILEEP,PENDING_PHASE1,Y
Gardenia,gymleader,SPECIES_ODDISH,PENDING_PHASE1,Y
Gardenia,gymleader,SPECIES_ROTOM,PENDING_PHASE1,Y
Gardenia,gymleader,SPECIES_SEEDOT,PENDING_PHASE1,Y
Gardenia,gymleader,SPECIES_SHROOMISH,PENDING_PHASE1,Y
Gardenia,gymleader,SPECIES_SUNKERN,PENDING_PHASE1,Y
Gardenia,gymleader,SPECIES_TANGELA,PENDING_PHASE1,Y
Gardenia,gymleader,SPECIES_TROPIUS,PENDING_PHASE1,Y
Gardenia,gymleader,SPECIES_TURTWIG,PENDING_PHASE1,Y
Gardenia,gymleader,SPECIES_VULPIX,PENDING_PHASE1,Y
Gary,anime,SPECIES_ABRA,PENDING_PHASE1,Y
Gary,anime,SPECIES_BULBASAUR,PENDING_PHASE1,Y
Gary,anime,SPECIES_CHARMANDER,PENDING_PHASE1,Y
Gary,anime,SPECIES_DODUO,PENDING_PHASE1,Y
Gary,anime,SPECIES_EEVEE,PENDING_PHASE1,Y
Gary,anime,SPECIES_ELEKID,PENDING_PHASE1,Y
Gary,anime,SPECIES_GEODUDE,PENDING_PHASE1,Y
Gary,anime,SPECIES_GROWLITHE,PENDING_PHASE1,Y
Gary,anime,SPECIES_HATENNA,PENDING_PHASE1,Y
Gary,anime,SPECIES_HORSEA,PENDING_PHASE1,Y
Gary,anime,SPECIES_HOUNDOUR,PENDING_PHASE1,Y
Gary,anime,SPECIES_KRABBY,PENDING_PHASE1,Y
Gary,anime,SPECIES_LARVITAR,PENDING_PHASE1,Y
Gary,anime,SPECIES_MAGBY,PENDING_PHASE1,Y
Gary,anime,SPECIES_MAGIKARP,PENDING_PHASE1,Y
Gary,anime,SPECIES_NIDORAN_F,PENDING_PHASE1,Y
Gary,anime,SPECIES_NIDORAN_M,PENDING_PHASE1,Y
Gary,anime,SPECIES_PIDGEY,PENDING_PHASE1,Y
Gary,anime,SPECIES_PINSIR,PENDING_PHASE1,Y
Gary,anime,SPECIES_PONYTA,PENDING_PHASE1,Y
Gary,anime,SPECIES_REGIDRAGO,PENDING_PHASE1,Y
Gary,anime,SPECIES_RHYHORN,PENDING_PHASE1,Y
Gary,anime,SPECIES_SCYTHER,PENDING_PHASE1,Y
Gary,anime,SPECIES_SKARMORY,PENDING_PHASE1,Y
Gary,anime,SPECIES_SLOWPOKE,PENDING_PHASE1,Y
Gary,anime,SPECIES_SPEAROW,PENDING_PHASE1,Y
Gary,anime,SPECIES_SQUIRTLE,PENDING_PHASE1,Y
Gary,anime,SPECIES_WEEDLE,PENDING_PHASE1,Y
Giovanni,villain,SPECIES_CHARMANDER,PENDING_PHASE1,Y
Giovanni,villain,SPECIES_CUBONE,PENDING_PHASE1,Y
Giovanni,villain,SPECIES_DIGLETT,PENDING_PHASE1,Y
Giovanni,villain,SPECIES_EXEGGCUTE,PENDING_PHASE1,Y
Giovanni,villain,SPECIES_FOONGUS,PENDING_PHASE1,Y
Giovanni,villain,SPECIES_FRILLISH,PENDING_PHASE1,Y
Giovanni,villain,SPECIES_GASTLY,PENDING_PHASE1,Y
Giovanni,villain,SPECIES_GEODUDE,PENDING_PHASE1,Y
Giovanni,villain,SPECIES_GIBLE,PENDING_PHASE1,Y
Giovanni,villain,SPECIES_GLIGAR,PENDING_PHASE1,Y
Giovanni,villain,SPECIES_GROWLITHE,PENDING_PHASE1,Y
Giovanni,villain,SPECIES_GUZZLORD,PENDING_PHASE1,Y
Giovanni,villain,SPECIES_HIPPOPOTAS,PENDING_PHASE1,Y
Giovanni,villain,SPECIES_KANGASKHAN,PENDING_PHASE1,Y
Giovanni,villain,SPECIES_KOFFING,PENDING_PHASE1,Y
Giovanni,villain,SPECIES_KRABBY,PENDING_PHASE1,Y
Giovanni,villain,SPECIES_MACHOP,PENDING_PHASE1,Y
Giovanni,villain,SPECIES_MAGIKARP,PENDING_PHASE1,Y
Giovanni,villain,SPECIES_MEOWTH,PENDING_PHASE1,Y
Giovanni,villain,SPECIES_MEWTWO,PENDING_PHASE1,Y
Giovanni,villain,SPECIES_MOLTRES,PENDING_PHASE1,Y
Giovanni,villain,SPECIES_MURKROW,PENDING_PHASE1,Y
Giovanni,villain,SPECIES_NIDORAN_F,PENDING_PHASE1,Y
Giovanni,villain,SPECIES_NIDORAN_M,PENDING_PHASE1,Y
Giovanni,villain,SPECIES_ONIX,PENDING_PHASE1,Y
Giovanni,villain,SPECIES_RHYHORN,PENDING_PHASE1,Y
Giovanni,villain,SPECIES_SANDILE,PENDING_PHASE1,Y
Giovanni,villain,SPECIES_SANDSHREW,PENDING_PHASE1,Y
Giovanni,villain,SPECIES_SHELLDER,PENDING_PHASE1,Y
Giovanni,villain,SPECIES_TAUROS,PENDING_PHASE1,Y
Giovanni,villain,SPECIES_WOOBAT,PENDING_PHASE1,Y
Giovanni,villain,SPECIES_YAMASK,PENDING_PHASE1,Y
Glacia,elite4,SPECIES_CUBCHOO,PENDING_PHASE1,Y
Glacia,elite4,SPECIES_SNORUNT,PENDING_PHASE1,Y
Glacia,elite4,SPECIES_SNOVER,PENDING_PHASE1,Y
Glacia,elite4,SPECIES_SPHEAL,PENDING_PHASE1,Y
Glacia,elite4,SPECIES_VANILLITE,PENDING_PHASE1,Y
Gladion,rival,SPECIES_BULBASAUR,PENDING_PHASE1,Y
Gladion,rival,SPECIES_CHARMANDER,PENDING_PHASE1,Y
Gladion,rival,SPECIES_EEVEE,PENDING_PHASE1,Y
Gladion,rival,SPECIES_MAGEARNA,PENDING_PHASE1,Y
Gladion,rival,SPECIES_NIHILEGO,PENDING_PHASE1,Y
Gladion,rival,SPECIES_PORYGON,PENDING_PHASE1,Y
Gladion,rival,SPECIES_RIOLU,PENDING_PHASE1,Y
Gladion,rival,SPECIES_ROCKRUFF,PENDING_PHASE1,Y
Gladion,rival,SPECIES_SNEASEL,PENDING_PHASE1,Y
Gladion,rival,SPECIES_SQUIRTLE,PENDING_PHASE1,Y
Gladion,rival,SPECIES_TYPE_NULL,PENDING_PHASE1,Y
Gladion,rival,SPECIES_ZORUA,PENDING_PHASE1,Y
Gladion,rival,SPECIES_ZUBAT,PENDING_PHASE1,Y
Goh,anime,SPECIES_ABSOL,PENDING_PHASE1,Y
Goh,anime,SPECIES_AERODACTYL,PENDING_PHASE1,Y
Goh,anime,SPECIES_ALCREMIE_GMAX,PENDING_PHASE1,Y
Goh,anime,SPECIES_ARCTOZOLT,PENDING_PHASE1,Y
Goh,anime,SPECIES_BELLSPROUT,PENDING_PHASE1,Y
Goh,anime,SPECIES_BINACLE,PENDING_PHASE1,Y
Goh,anime,SPECIES_BRUXISH,PENDING_PHASE1,Y
Goh,anime,SPECIES_BUNNELBY,PENDING_PHASE1,Y
Goh,anime,SPECIES_CARVANHA,PENDING_PHASE1,Y
Goh,anime,SPECIES_CATERPIE,PENDING_PHASE1,Y
Goh,anime,SPECIES_CHINCHOU,PENDING_PHASE1,Y
Goh,anime,SPECIES_CORSOLA,PENDING_PHASE1,Y
Goh,anime,SPECIES_CUBONE,PENDING_PHASE1,Y
Goh,anime,SPECIES_CYNDAQUIL,PENDING_PHASE1,Y
Goh,anime,SPECIES_DARUMAKA,PENDING_PHASE1,Y
Goh,anime,SPECIES_DIGLETT,PENDING_PHASE1,Y
Goh,anime,SPECIES_DROWZEE,PENDING_PHASE1,Y
Goh,anime,SPECIES_DURANT,PENDING_PHASE1,Y
Goh,anime,SPECIES_EKANS,PENDING_PHASE1,Y
Goh,anime,SPECIES_ETERNATUS,PENDING_PHASE1,Y
Goh,anime,SPECIES_EXEGGCUTE,PENDING_PHASE1,Y
Goh,anime,SPECIES_FALINKS,PENDING_PHASE1,Y
Goh,anime,SPECIES_FARFETCHD,PENDING_PHASE1,Y
Goh,anime,SPECIES_FERROSEED,PENDING_PHASE1,Y
Goh,anime,SPECIES_FLABEBE,PENDING_PHASE1,Y
Goh,anime,SPECIES_FLABEBE_WHITE,PENDING_PHASE1,Y
Goh,anime,SPECIES_FLETCHLING,PENDING_PHASE1,Y
Goh,anime,SPECIES_FROAKIE,PENDING_PHASE1,Y
Goh,anime,SPECIES_GEODUDE,PENDING_PHASE1,Y
Goh,anime,SPECIES_GOLDEEN,PENDING_PHASE1,Y
Goh,anime,SPECIES_GOLETT,PENDING_PHASE1,Y
Goh,anime,SPECIES_GOSSIFLEUR,PENDING_PHASE1,Y
Goh,anime,SPECIES_GRIMER,PENDING_PHASE1,Y
Goh,anime,SPECIES_GROOKEY,PENDING_PHASE1,Y
Goh,anime,SPECIES_HERACROSS,PENDING_PHASE1,Y
Goh,anime,SPECIES_HOOTHOOT,PENDING_PHASE1,Y
Goh,anime,SPECIES_HORSEA,PENDING_PHASE1,Y
Goh,anime,SPECIES_KRABBY,PENDING_PHASE1,Y
Goh,anime,SPECIES_MAGIKARP,PENDING_PHASE1,Y
Goh,anime,SPECIES_MANKEY,PENDING_PHASE1,Y
Goh,anime,SPECIES_MANTYKE,PENDING_PHASE1,Y
Goh,anime,SPECIES_MILCERY,PENDING_PHASE1,Y
Goh,anime,SPECIES_MISDREAVUS,PENDING_PHASE1,Y
Goh,anime,SPECIES_MORELULL,PENDING_PHASE1,Y
Goh,anime,SPECIES_MURKROW,PENDING_PHASE1,Y
Goh,anime,SPECIES_NIDORAN_F,PENDING_PHASE1,Y
Goh,anime,SPECIES_NIDORAN_M,PENDING_PHASE1,Y
Goh,anime,SPECIES_NINCADA,PENDING_PHASE1,Y
Goh,anime,SPECIES_NUMEL,PENDING_PHASE1,Y
Goh,anime,SPECIES_ODDISH,PENDING_PHASE1,Y
Goh,anime,SPECIES_PANPOUR,PENDING_PHASE1,Y
Goh,anime,SPECIES_PANSEAR,PENDING_PHASE1,Y
Goh,anime,SPECIES_PARAS,PENDING_PHASE1,Y
Goh,anime,SPECIES_PASSIMIAN,PENDING_PHASE1,Y
Goh,anime,SPECIES_PETILIL,PENDING_PHASE1,Y
Goh,anime,SPECIES_PHANTUMP,PENDING_PHASE1,Y
Goh,anime,SPECIES_PICHU,PENDING_PHASE1,Y
Goh,anime,SPECIES_PIDGEY,PENDING_PHASE1,Y
Goh,anime,SPECIES_PINECO,PENDING_PHASE1,Y
Goh,anime,SPECIES_PINSIR,PENDING_PHASE1,Y
Goh,anime,SPECIES_POLIWAG,PENDING_PHASE1,Y
Goh,anime,SPECIES_PYUKUMUKU,PENDING_PHASE1,Y
Goh,anime,SPECIES_RATTATA,PENDING_PHASE1,Y
Goh,anime,SPECIES_REGIELEKI,PENDING_PHASE1,Y
Goh,anime,SPECIES_ROGGENROLA,PENDING_PHASE1,Y
Goh,anime,SPECIES_SANDILE,PENDING_PHASE1,Y
Goh,anime,SPECIES_SCORBUNNY,PENDING_PHASE1,Y
Goh,anime,SPECIES_SCYTHER,PENDING_PHASE1,Y
Goh,anime,SPECIES_SEEL,PENDING_PHASE1,Y
Goh,anime,SPECIES_SENTRET,PENDING_PHASE1,Y
Goh,anime,SPECIES_SKWOVET,PENDING_PHASE1,Y
Goh,anime,SPECIES_SLOWPOKE,PENDING_PHASE1,Y
Goh,anime,SPECIES_SOBBLE,PENDING_PHASE1,Y
Goh,anime,SPECIES_SPEAROW,PENDING_PHASE1,Y
Goh,anime,SPECIES_SPINARAK,PENDING_PHASE1,Y
Goh,anime,SPECIES_STANTLER,PENDING_PHASE1,Y
Goh,anime,SPECIES_STUNFISK,PENDING_PHASE1,Y
Goh,anime,SPECIES_SUICUNE,PENDING_PHASE1,Y
Goh,anime,SPECIES_SWABLU,PENDING_PHASE1,Y
Goh,anime,SPECIES_TAILLOW,PENDING_PHASE1,Y
Goh,anime,SPECIES_TENTACOOL,PENDING_PHASE1,Y
Goh,anime,SPECIES_TRAPINCH,PENDING_PHASE1,Y
Goh,anime,SPECIES_TYROGUE,PENDING_PHASE1,Y
Goh,anime,SPECIES_VENONAT,PENDING_PHASE1,Y
Goh,anime,SPECIES_VOLTORB,PENDING_PHASE1,Y
Goh,anime,SPECIES_VULPIX,PENDING_PHASE1,Y
Goh,anime,SPECIES_WEEDLE,PENDING_PHASE1,Y
Goh,anime,SPECIES_WINGULL,PENDING_PHASE1,Y
Goh,anime,SPECIES_WURMPLE,PENDING_PHASE1,Y
Goh,anime,SPECIES_ZUBAT,PENDING_PHASE1,Y
Gordie,gymleader,SPECIES_BINACLE,PENDING_PHASE1,Y
Gordie,gymleader,SPECIES_LARVITAR,PENDING_PHASE1,Y
Gordie,gymleader,SPECIES_ROLYCOLY,PENDING_PHASE1,Y
Gordie,gymleader,SPECIES_SHUCKLE,PENDING_PHASE1,Y
Gordie,gymleader,SPECIES_STONJOURNER,PENDING_PHASE1,Y
Grant,gymleader,SPECIES_AMAURA,PENDING_PHASE1,Y
Grant,gymleader,SPECIES_ONIX,PENDING_PHASE1,Y
Grant,gymleader,SPECIES_TYRUNT,PENDING_PHASE1,Y
Greta,frontier,SPECIES_EEVEE,PENDING_PHASE1,Y
Greta,frontier,SPECIES_GASTLY,PENDING_PHASE1,Y
Greta,frontier,SPECIES_HERACROSS,PENDING_PHASE1,Y
Greta,frontier,SPECIES_MAKUHITA,PENDING_PHASE1,Y
Greta,frontier,SPECIES_MEDITITE,PENDING_PHASE1,Y
Greta,frontier,SPECIES_NINCADA,PENDING_PHASE1,Y
Greta,frontier,SPECIES_SHROOMISH,PENDING_PHASE1,Y
Grimsley,elite4,SPECIES_ABSOL,PENDING_PHASE1,Y
Grimsley,elite4,SPECIES_CARVANHA,PENDING_PHASE1,Y
Grimsley,elite4,SPECIES_HOUNDOUR,PENDING_PHASE1,Y
Grimsley,elite4,SPECIES_LARVITAR,PENDING_PHASE1,Y
Grimsley,elite4,SPECIES_MURKROW,PENDING_PHASE1,Y
Grimsley,elite4,SPECIES_PAWNIARD,PENDING_PHASE1,Y
Grimsley,elite4,SPECIES_PURRLOIN,PENDING_PHASE1,Y
Grimsley,elite4,SPECIES_SANDILE,PENDING_PHASE1,Y
Grimsley,elite4,SPECIES_SCRAGGY,PENDING_PHASE1,Y
Grimsley,elite4,SPECIES_SKORUPI,PENDING_PHASE1,Y
Grusha,gymleader,SPECIES_CETODDLE,PENDING_PHASE1,Y
Grusha,gymleader,SPECIES_CUBCHOO,PENDING_PHASE1,Y
Grusha,gymleader,SPECIES_SNEASEL,PENDING_PHASE1,Y
Grusha,gymleader,SPECIES_SNOM,PENDING_PHASE1,Y
Grusha,gymleader,SPECIES_SWABLU,PENDING_PHASE1,Y
Grusha,gymleader,SPECIES_VULPIX,PENDING_PHASE1,Y
Guzma,villain,SPECIES_BUZZWOLE,PENDING_PHASE1,Y
Guzma,villain,SPECIES_CROAGUNK,PENDING_PHASE1,Y
Guzma,villain,SPECIES_GRUBBIN,PENDING_PHASE1,Y
Guzma,villain,SPECIES_MAREANIE,PENDING_PHASE1,Y
Guzma,villain,SPECIES_MURKROW,PENDING_PHASE1,Y
Guzma,villain,SPECIES_PAWNIARD,PENDING_PHASE1,Y
Guzma,villain,SPECIES_PINSIR,PENDING_PHASE1,Y
Guzma,villain,SPECIES_PURRLOIN,PENDING_PHASE1,Y
Guzma,villain,SPECIES_SCYTHER,PENDING_PHASE1,Y
Guzma,villain,SPECIES_SPINARAK,PENDING_PHASE1,Y
Guzma,villain,SPECIES_SURSKIT,PENDING_PHASE1,Y
Guzma,villain,SPECIES_WIMPOD,PENDING_PHASE1,Y
Hala,gymleader,SPECIES_CRABRAWLER,PENDING_PHASE1,Y
Hala,gymleader,SPECIES_LITTEN,PENDING_PHASE1,Y
Hala,gymleader,SPECIES_MACHOP,PENDING_PHASE1,Y
Hala,gymleader,SPECIES_MAKUHITA,PENDING_PHASE1,Y
Hala,gymleader,SPECIES_MANKEY,PENDING_PHASE1,Y
Hala,gymleader,SPECIES_POLIWAG,PENDING_PHASE1,Y
Hala,gymleader,SPECIES_POPPLIO,PENDING_PHASE1,Y
Hala,gymleader,SPECIES_ROWLET,PENDING_PHASE1,Y
Hala,gymleader,SPECIES_STUFFUL,PENDING_PHASE1,Y
Hapu,gymleader,SPECIES_DIGLETT,PENDING_PHASE1,Y
Hapu,gymleader,SPECIES_GOLETT,PENDING_PHASE1,Y
Hapu,gymleader,SPECIES_MUDBRAY,PENDING_PHASE1,Y
Hapu,gymleader,SPECIES_SANDILE,PENDING_PHASE1,Y
Hapu,gymleader,SPECIES_SHELLOS_WEST,PENDING_PHASE1,Y
Hapu,gymleader,SPECIES_TRAPINCH,PENDING_PHASE1,Y
Hassel,elite4,SPECIES_APPLIN,PENDING_PHASE1,Y
Hassel,elite4,SPECIES_AXEW,PENDING_PHASE1,Y
Hassel,elite4,SPECIES_DRATINI,PENDING_PHASE1,Y
Hassel,elite4,SPECIES_DURALUDON,PENDING_PHASE1,Y
Hassel,elite4,SPECIES_FRIGIBAX,PENDING_PHASE1,Y
Hassel,elite4,SPECIES_GIBLE,PENDING_PHASE1,Y
Hassel,elite4,SPECIES_NOIBAT,PENDING_PHASE1,Y
Hassel,elite4,SPECIES_SKRELP,PENDING_PHASE1,Y
Hau,champion,SPECIES_BLACEPHALON,PENDING_PHASE1,Y
Hau,champion,SPECIES_CRABRAWLER,PENDING_PHASE1,Y
Hau,champion,SPECIES_EEVEE,PENDING_PHASE1,Y
Hau,champion,SPECIES_KOMALA,PENDING_PHASE1,Y
Hau,champion,SPECIES_LITTEN,PENDING_PHASE1,Y
Hau,champion,SPECIES_NOIBAT,PENDING_PHASE1,Y
Hau,champion,SPECIES_PICHU,PENDING_PHASE1,Y
Hau,champion,SPECIES_POPPLIO,PENDING_PHASE1,Y
Hau,champion,SPECIES_ROWLET,PENDING_PHASE1,Y
Hau,champion,SPECIES_STAKATAKA,PENDING_PHASE1,Y
Hau,champion,SPECIES_TAPU_KOKO,PENDING_PHASE1,Y
Hau,champion,SPECIES_TAUROS,PENDING_PHASE1,Y
Hilbert,protagonist,SPECIES_ALOMOMOLA,PENDING_PHASE1,Y
Hilbert,protagonist,SPECIES_ARCHEN,PENDING_PHASE1,Y
Hilbert,protagonist,SPECIES_AUDINO,PENDING_PHASE1,Y
Hilbert,protagonist,SPECIES_AXEW,PENDING_PHASE1,Y
Hilbert,protagonist,SPECIES_BOUFFALANT,PENDING_PHASE1,Y
Hilbert,protagonist,SPECIES_CRYOGONAL,PENDING_PHASE1,Y
Hilbert,protagonist,SPECIES_CUBCHOO,PENDING_PHASE1,Y
Hilbert,protagonist,SPECIES_DARUMAKA,PENDING_PHASE1,Y
Hilbert,protagonist,SPECIES_DRILBUR,PENDING_PHASE1,Y
Hilbert,protagonist,SPECIES_DRUDDIGON,PENDING_PHASE1,Y
Hilbert,protagonist,SPECIES_DURANT,PENDING_PHASE1,Y
Hilbert,protagonist,SPECIES_EEVEE,PENDING_PHASE1,Y
Hilbert,protagonist,SPECIES_FERROSEED,PENDING_PHASE1,Y
Hilbert,protagonist,SPECIES_FOONGUS,PENDING_PHASE1,Y
Hilbert,protagonist,SPECIES_FRILLISH,PENDING_PHASE1,Y
Hilbert,protagonist,SPECIES_GENESECT,PENDING_PHASE1,Y
Hilbert,protagonist,SPECIES_GOLETT,PENDING_PHASE1,Y
Hilbert,protagonist,SPECIES_GOTHITA,PENDING_PHASE1,Y
Hilbert,protagonist,SPECIES_KARRABLAST,PENDING_PHASE1,Y
Hilbert,protagonist,SPECIES_KLINK,PENDING_PHASE1,Y
Hilbert,protagonist,SPECIES_KYUREM,PENDING_PHASE1,Y
Hilbert,protagonist,SPECIES_LITWICK,PENDING_PHASE1,Y
Hilbert,protagonist,SPECIES_MIENFOO,PENDING_PHASE1,Y
Hilbert,protagonist,SPECIES_MUNNA,PENDING_PHASE1,Y
Hilbert,protagonist,SPECIES_OSHAWOTT,PENDING_PHASE1,Y
Hilbert,protagonist,SPECIES_PAWNIARD,PENDING_PHASE1,Y
Hilbert,protagonist,SPECIES_PETILIL,PENDING_PHASE1,Y
Hilbert,protagonist,SPECIES_POOCHYENA,PENDING_PHASE1,Y
Hilbert,protagonist,SPECIES_RESHIRAM,PENDING_PHASE1,Y
Hilbert,protagonist,SPECIES_ROGGENROLA,PENDING_PHASE1,Y
Hilbert,protagonist,SPECIES_RUFFLET,PENDING_PHASE1,Y
Hilbert,protagonist,SPECIES_SANDILE,PENDING_PHASE1,Y
Hilbert,protagonist,SPECIES_SAWK,PENDING_PHASE1,Y
Hilbert,protagonist,SPECIES_SCRAGGY,PENDING_PHASE1,Y
Hilbert,protagonist,SPECIES_SHELMET,PENDING_PHASE1,Y
Hilbert,protagonist,SPECIES_SNIVY,PENDING_PHASE1,Y
Hilbert,protagonist,SPECIES_SOLOSIS,PENDING_PHASE1,Y
Hilbert,protagonist,SPECIES_TEPIG,PENDING_PHASE1,Y
Hilbert,protagonist,SPECIES_THROH,PENDING_PHASE1,Y
Hilbert,protagonist,SPECIES_THUNDURUS_INCARNATE,PENDING_PHASE1,Y
Hilbert,protagonist,SPECIES_TIMBURR,PENDING_PHASE1,Y
Hilbert,protagonist,SPECIES_TYNAMO,PENDING_PHASE1,Y
Hilbert,protagonist,SPECIES_VANILLITE,PENDING_PHASE1,Y
Hilbert,protagonist,SPECIES_VULLABY,PENDING_PHASE1,Y
Hilbert,protagonist,SPECIES_YAMASK,PENDING_PHASE1,Y
Hilbert,protagonist,SPECIES_ZEKROM,PENDING_PHASE1,Y
Hop,rival,SPECIES_CRAMORANT,PENDING_PHASE1,Y
Hop,rival,SPECIES_GROOKEY,PENDING_PHASE1,Y
Hop,rival,SPECIES_HEATMOR,PENDING_PHASE1,Y
Hop,rival,SPECIES_MUNCHLAX,PENDING_PHASE1,Y
Hop,rival,SPECIES_PHANTUMP,PENDING_PHASE1,Y
Hop,rival,SPECIES_PINCURCHIN,PENDING_PHASE1,Y
Hop,rival,SPECIES_REGICE,PENDING_PHASE1,Y
Hop,rival,SPECIES_REGIROCK,PENDING_PHASE1,Y
Hop,rival,SPECIES_REGISTEEL,PENDING_PHASE1,Y
Hop,rival,SPECIES_ROOKIDEE,PENDING_PHASE1,Y
Hop,rival,SPECIES_SCORBUNNY,PENDING_PHASE1,Y
Hop,rival,SPECIES_SILICOBRA,PENDING_PHASE1,Y
Hop,rival,SPECIES_SOBBLE,PENDING_PHASE1,Y
Hop,rival,SPECIES_TOXEL,PENDING_PHASE1,Y
Hop,rival,SPECIES_WOOLOO,PENDING_PHASE1,Y
Hop,rival,SPECIES_YAMPER,PENDING_PHASE1,Y
Hop,rival,SPECIES_ZACIAN_HERO,PENDING_PHASE1,Y
Hop,rival,SPECIES_ZAMAZENTA_HERO,PENDING_PHASE1,Y
Hop,rival,SPECIES_ZAPDOS,PENDING_PHASE1,Y
Hugh,rival,SPECIES_BOUFFALANT,PENDING_PHASE1,Y
Hugh,rival,SPECIES_OSHAWOTT,PENDING_PHASE1,Y
Hugh,rival,SPECIES_PANPOUR,PENDING_PHASE1,Y
Hugh,rival,SPECIES_PANSAGE,PENDING_PHASE1,Y
Hugh,rival,SPECIES_PANSEAR,PENDING_PHASE1,Y
Hugh,rival,SPECIES_PIDOVE,PENDING_PHASE1,Y
Hugh,rival,SPECIES_PURRLOIN,PENDING_PHASE1,Y
Hugh,rival,SPECIES_SNIVY,PENDING_PHASE1,Y
Hugh,rival,SPECIES_TEPIG,PENDING_PHASE1,Y
Hugh,rival,SPECIES_TRAPINCH,PENDING_PHASE1,Y
Hugh,rival,SPECIES_TYNAMO,PENDING_PHASE1,Y
Iono,gymleader,SPECIES_ELEKID,PENDING_PHASE1,Y
Iono,gymleader,SPECIES_FLUTTER_MANE,PENDING_PHASE1,Y
Iono,gymleader,SPECIES_MAGNEMITE,PENDING_PHASE1,Y
Iono,gymleader,SPECIES_MISDREAVUS,PENDING_PHASE1,Y
Iono,gymleader,SPECIES_RAGING_BOLT,PENDING_PHASE1,Y
Iono,gymleader,SPECIES_SHINX,PENDING_PHASE1,Y
Iono,gymleader,SPECIES_TADBULB,PENDING_PHASE1,Y
Iono,gymleader,SPECIES_VOLTORB,PENDING_PHASE1,Y
Iono,gymleader,SPECIES_WATTREL,PENDING_PHASE1,Y
Iris,champion,SPECIES_ARCHEN,PENDING_PHASE1,Y
Iris,champion,SPECIES_ARON,PENDING_PHASE1,Y
Iris,champion,SPECIES_AXEW,PENDING_PHASE1,Y
Iris,champion,SPECIES_BAGON,PENDING_PHASE1,Y
Iris,champion,SPECIES_DEINO,PENDING_PHASE1,Y
Iris,champion,SPECIES_DRATINI,PENDING_PHASE1,Y
Iris,champion,SPECIES_DRILBUR,PENDING_PHASE1,Y
Iris,champion,SPECIES_DRUDDIGON,PENDING_PHASE1,Y
Iris,champion,SPECIES_EMOLGA,PENDING_PHASE1,Y
Iris,champion,SPECIES_GIBLE,PENDING_PHASE1,Y
Iris,champion,SPECIES_LAPRAS,PENDING_PHASE1,Y
Iris,champion,SPECIES_POIPOLE,PENDING_PHASE1,Y
James,anime,SPECIES_BELLSPROUT,PENDING_PHASE1,Y
James,anime,SPECIES_CACNEA,PENDING_PHASE1,Y
James,anime,SPECIES_CARNIVINE,PENDING_PHASE1,Y
James,anime,SPECIES_CHINGLING,PENDING_PHASE1,Y
James,anime,SPECIES_FOONGUS,PENDING_PHASE1,Y
James,anime,SPECIES_GROWLITHE,PENDING_PHASE1,Y
James,anime,SPECIES_INKAY,PENDING_PHASE1,Y
James,anime,SPECIES_KOFFING,PENDING_PHASE1,Y
James,anime,SPECIES_MAGIKARP,PENDING_PHASE1,Y
James,anime,SPECIES_MAREANIE,PENDING_PHASE1,Y
James,anime,SPECIES_MIME_JR,PENDING_PHASE1,Y
James,anime,SPECIES_MORPEKO_FULL_BELLY,PENDING_PHASE1,Y
James,anime,SPECIES_NUMEL,PENDING_PHASE1,Y
James,anime,SPECIES_YAMASK,PENDING_PHASE1,Y
Janine,gymleader,SPECIES_BUDEW,PENDING_PHASE1,Y
Janine,gymleader,SPECIES_CHIKORITA,PENDING_PHASE1,Y
Janine,gymleader,SPECIES_CROAGUNK,PENDING_PHASE1,Y
Janine,gymleader,SPECIES_EEVEE,PENDING_PHASE1,Y
Janine,gymleader,SPECIES_EKANS,PENDING_PHASE1,Y
Janine,gymleader,SPECIES_GIRAFARIG,PENDING_PHASE1,Y
Janine,gymleader,SPECIES_GLIGAR,PENDING_PHASE1,Y
Janine,gymleader,SPECIES_GRIMER,PENDING_PHASE1,Y
Janine,gymleader,SPECIES_KOFFING,PENDING_PHASE1,Y
Janine,gymleader,SPECIES_NIDORAN_F,PENDING_PHASE1,Y
Janine,gymleader,SPECIES_PINECO,PENDING_PHASE1,Y
Janine,gymleader,SPECIES_SKORUPI,PENDING_PHASE1,Y
Janine,gymleader,SPECIES_SPINARAK,PENDING_PHASE1,Y
Janine,gymleader,SPECIES_STANTLER,PENDING_PHASE1,Y
Janine,gymleader,SPECIES_TENTACOOL,PENDING_PHASE1,Y
Janine,gymleader,SPECIES_VENONAT,PENDING_PHASE1,Y
Janine,gymleader,SPECIES_ZUBAT,PENDING_PHASE1,Y
Jasmine,gymleader,SPECIES_BELDUM,PENDING_PHASE1,Y
Jasmine,gymleader,SPECIES_BRONZOR,PENDING_PHASE1,Y
Jasmine,gymleader,SPECIES_CELESTEELA,PENDING_PHASE1,Y
Jasmine,gymleader,SPECIES_CORSOLA,PENDING_PHASE1,Y
Jasmine,gymleader,SPECIES_DRILBUR,PENDING_PHASE1,Y
Jasmine,gymleader,SPECIES_FERROSEED,PENDING_PHASE1,Y
Jasmine,gymleader,SPECIES_KLINK,PENDING_PHASE1,Y
Jasmine,gymleader,SPECIES_MAGNEMITE,PENDING_PHASE1,Y
Jasmine,gymleader,SPECIES_MANTYKE,PENDING_PHASE1,Y
Jasmine,gymleader,SPECIES_MAREEP,PENDING_PHASE1,Y
Jasmine,gymleader,SPECIES_MAWILE,PENDING_PHASE1,Y
Jasmine,gymleader,SPECIES_ONIX,PENDING_PHASE1,Y
Jasmine,gymleader,SPECIES_PINECO,PENDING_PHASE1,Y
Jasmine,gymleader,SPECIES_PIPLUP,PENDING_PHASE1,Y
Jasmine,gymleader,SPECIES_PONYTA,PENDING_PHASE1,Y
Jasmine,gymleader,SPECIES_RIOLU,PENDING_PHASE1,Y
Jasmine,gymleader,SPECIES_SCYTHER,PENDING_PHASE1,Y
Jasmine,gymleader,SPECIES_SKARMORY,PENDING_PHASE1,Y
Jasmine,gymleader,SPECIES_SLOWPOKE,PENDING_PHASE1,Y
Jasmine,gymleader,SPECIES_SQUIRTLE,PENDING_PHASE1,Y
Jasmine,gymleader,SPECIES_STANTLER,PENDING_PHASE1,Y
Jasmine,gymleader,SPECIES_TOGEPI,PENDING_PHASE1,Y
Jessie,anime,SPECIES_EKANS,PENDING_PHASE1,Y
Jessie,anime,SPECIES_FRILLISH,PENDING_PHASE1,Y
Jessie,anime,SPECIES_KOFFING,PENDING_PHASE1,Y
Jessie,anime,SPECIES_LICKITUNG,PENDING_PHASE1,Y
Jessie,anime,SPECIES_MAWILE,PENDING_PHASE1,Y
Jessie,anime,SPECIES_MEOWTH,PENDING_PHASE1,Y
Jessie,anime,SPECIES_MIMIKYU_DISGUISED,PENDING_PHASE1,Y
Jessie,anime,SPECIES_PUMPKABOO_AVERAGE,PENDING_PHASE1,Y
Jessie,anime,SPECIES_SEVIPER,PENDING_PHASE1,Y
Jessie,anime,SPECIES_SHELLDER,PENDING_PHASE1,Y
Jessie,anime,SPECIES_STARYU,PENDING_PHASE1,Y
Jessie,anime,SPECIES_WOOBAT,PENDING_PHASE1,Y
Jessie,anime,SPECIES_WURMPLE,PENDING_PHASE1,Y
Jessie,anime,SPECIES_WYNAUT,PENDING_PHASE1,Y
Jessie,anime,SPECIES_YANMA,PENDING_PHASE1,Y
Juan,gymleader,SPECIES_AZURILL,PENDING_PHASE1,Y
Juan,gymleader,SPECIES_BARBOACH,PENDING_PHASE1,Y
Juan,gymleader,SPECIES_CHINCHOU,PENDING_PHASE1,Y
Juan,gymleader,SPECIES_CLAMPERL,PENDING_PHASE1,Y
Juan,gymleader,SPECIES_CORPHISH,PENDING_PHASE1,Y
Juan,gymleader,SPECIES_CORSOLA,PENDING_PHASE1,Y
Juan,gymleader,SPECIES_FEEBAS,PENDING_PHASE1,Y
Juan,gymleader,SPECIES_GOLDEEN,PENDING_PHASE1,Y
Juan,gymleader,SPECIES_HORSEA,PENDING_PHASE1,Y
Juan,gymleader,SPECIES_LAPRAS,PENDING_PHASE1,Y
Juan,gymleader,SPECIES_LUVDISC,PENDING_PHASE1,Y
Juan,gymleader,SPECIES_POLIWAG,PENDING_PHASE1,Y
Juan,gymleader,SPECIES_RELICANTH,PENDING_PHASE1,Y
Juan,gymleader,SPECIES_SPHEAL,PENDING_PHASE1,Y
Juan,gymleader,SPECIES_STARYU,PENDING_PHASE1,Y
Juan,gymleader,SPECIES_SURSKIT,PENDING_PHASE1,Y
Juan,gymleader,SPECIES_TENTACOOL,PENDING_PHASE1,Y
Juan,gymleader,SPECIES_WAILMER,PENDING_PHASE1,Y
Juan,gymleader,SPECIES_WINGULL,PENDING_PHASE1,Y
Juniper,professor,SPECIES_ARCHEN,PENDING_PHASE1,Y
Juniper,professor,SPECIES_KARRABLAST,PENDING_PHASE1,Y
Juniper,professor,SPECIES_MINCCINO,PENDING_PHASE1,Y
Juniper,professor,SPECIES_OSHAWOTT,PENDING_PHASE1,Y
Juniper,professor,SPECIES_PATRAT,PENDING_PHASE1,Y
Juniper,professor,SPECIES_SHELMET,PENDING_PHASE1,Y
Juniper,professor,SPECIES_SNIVY,PENDING_PHASE1,Y
Juniper,professor,SPECIES_TEPIG,PENDING_PHASE1,Y
Jupiter,villain,SPECIES_BRONZOR,PENDING_PHASE1,Y
Jupiter,villain,SPECIES_CROAGUNK,PENDING_PHASE1,Y
Jupiter,villain,SPECIES_GASTLY,PENDING_PHASE1,Y
Jupiter,villain,SPECIES_NIDORAN_M,PENDING_PHASE1,Y
Jupiter,villain,SPECIES_SABLEYE,PENDING_PHASE1,Y
Jupiter,villain,SPECIES_SHELLOS_WEST,PENDING_PHASE1,Y
Jupiter,villain,SPECIES_STUNKY,PENDING_PHASE1,Y
Jupiter,villain,SPECIES_TANGELA,PENDING_PHASE1,Y
Jupiter,villain,SPECIES_ZUBAT,PENDING_PHASE1,Y
Kabu,gymleader,SPECIES_GROWLITHE,PENDING_PHASE1,Y
Kabu,gymleader,SPECIES_NUMEL,PENDING_PHASE1,Y
Kabu,gymleader,SPECIES_SALANDIT,PENDING_PHASE1,Y
Kabu,gymleader,SPECIES_SIZZLIPEDE,PENDING_PHASE1,Y
Kabu,gymleader,SPECIES_TORKOAL,PENDING_PHASE1,Y
Kabu,gymleader,SPECIES_VULPIX,PENDING_PHASE1,Y
Kahili,elite4,SPECIES_HAWLUCHA,PENDING_PHASE1,Y
Kahili,elite4,SPECIES_ORICORIO_BAILE,PENDING_PHASE1,Y
Kahili,elite4,SPECIES_PIKIPEK,PENDING_PHASE1,Y
Kahili,elite4,SPECIES_RUFFLET,PENDING_PHASE1,Y
Kahili,elite4,SPECIES_SKARMORY,PENDING_PHASE1,Y
Kahili,elite4,SPECIES_VULLABY,PENDING_PHASE1,Y
Kahili,elite4,SPECIES_ZUBAT,PENDING_PHASE1,Y
Karen,elite4,SPECIES_ABSOL,PENDING_PHASE1,Y
Karen,elite4,SPECIES_BELLSPROUT,PENDING_PHASE1,Y
Karen,elite4,SPECIES_EEVEE,PENDING_PHASE1,Y
Karen,elite4,SPECIES_GASTLY,PENDING_PHASE1,Y
Karen,elite4,SPECIES_HOUNDOUR,PENDING_PHASE1,Y
Karen,elite4,SPECIES_MAGBY,PENDING_PHASE1,Y
Karen,elite4,SPECIES_MEOWTH,PENDING_PHASE1,Y
Karen,elite4,SPECIES_MISDREAVUS,PENDING_PHASE1,Y
Karen,elite4,SPECIES_MURKROW,PENDING_PHASE1,Y
Karen,elite4,SPECIES_ODDISH,PENDING_PHASE1,Y
Karen,elite4,SPECIES_SLOWPOKE,PENDING_PHASE1,Y
Karen,elite4,SPECIES_SNEASEL,PENDING_PHASE1,Y
Karen,elite4,SPECIES_SPIRITOMB,PENDING_PHASE1,Y
Karen,elite4,SPECIES_VOLTORB,PENDING_PHASE1,Y
Katy,gymleader,SPECIES_COMBEE,PENDING_PHASE1,Y
Katy,gymleader,SPECIES_DEWPIDER,PENDING_PHASE1,Y
Katy,gymleader,SPECIES_HERACROSS,PENDING_PHASE1,Y
Katy,gymleader,SPECIES_NYMBLE,PENDING_PHASE1,Y
Katy,gymleader,SPECIES_PINECO,PENDING_PHASE1,Y
Katy,gymleader,SPECIES_TAROUNTULA,PENDING_PHASE1,Y
Katy,gymleader,SPECIES_TEDDIURSA,PENDING_PHASE1,Y
Kiawe (anime),anime,SPECIES_CHARMANDER,PENDING_PHASE1,Y
Kiawe (anime),anime,SPECIES_CUBONE,PENDING_PHASE1,Y
Kiawe (anime),anime,SPECIES_FLETCHLING,PENDING_PHASE1,Y
Kiawe (anime),anime,SPECIES_GROWLITHE,PENDING_PHASE1,Y
Kiawe (anime),anime,SPECIES_KANGASKHAN,PENDING_PHASE1,Y
Kiawe (anime),anime,SPECIES_MAGBY,PENDING_PHASE1,Y
Kiawe (anime),anime,SPECIES_SALANDIT,PENDING_PHASE1,Y
Kiawe (anime),anime,SPECIES_TURTONATOR,PENDING_PHASE1,Y
Kofu,gymleader,SPECIES_CLAUNCHER,PENDING_PHASE1,Y
Kofu,gymleader,SPECIES_CRABRAWLER,PENDING_PHASE1,Y
Kofu,gymleader,SPECIES_TOTODILE,PENDING_PHASE1,Y
Kofu,gymleader,SPECIES_VELUZA,PENDING_PHASE1,Y
Kofu,gymleader,SPECIES_WIGLETT,PENDING_PHASE1,Y
Kofu,gymleader,SPECIES_WINGULL,PENDING_PHASE1,Y
Koga,elite4,SPECIES_ARTICUNO,PENDING_PHASE1,Y
Koga,elite4,SPECIES_CHINCHOU,PENDING_PHASE1,Y
Koga,elite4,SPECIES_CROAGUNK,PENDING_PHASE1,Y
Koga,elite4,SPECIES_DROWZEE,PENDING_PHASE1,Y
Koga,elite4,SPECIES_EKANS,PENDING_PHASE1,Y
Koga,elite4,SPECIES_GASTLY,PENDING_PHASE1,Y
Koga,elite4,SPECIES_GLIGAR,PENDING_PHASE1,Y
Koga,elite4,SPECIES_GRIMER,PENDING_PHASE1,Y
Koga,elite4,SPECIES_GULPIN,PENDING_PHASE1,Y
Koga,elite4,SPECIES_KOFFING,PENDING_PHASE1,Y
Koga,elite4,SPECIES_LAPRAS,PENDING_PHASE1,Y
Koga,elite4,SPECIES_MAGBY,PENDING_PHASE1,Y
Koga,elite4,SPECIES_NIDORAN_F,PENDING_PHASE1,Y
Koga,elite4,SPECIES_NIDORAN_M,PENDING_PHASE1,Y
Koga,elite4,SPECIES_PARAS,PENDING_PHASE1,Y
Koga,elite4,SPECIES_PINECO,PENDING_PHASE1,Y
Koga,elite4,SPECIES_RHYHORN,PENDING_PHASE1,Y
Koga,elite4,SPECIES_SCYTHER,PENDING_PHASE1,Y
Koga,elite4,SPECIES_SPINARAK,PENDING_PHASE1,Y
Koga,elite4,SPECIES_STANTLER,PENDING_PHASE1,Y
Koga,elite4,SPECIES_STUNKY,PENDING_PHASE1,Y
Koga,elite4,SPECIES_TANGELA,PENDING_PHASE1,Y
Koga,elite4,SPECIES_TENTACOOL,PENDING_PHASE1,Y
Koga,elite4,SPECIES_VENONAT,PENDING_PHASE1,Y
Koga,elite4,SPECIES_VOLTORB,PENDING_PHASE1,Y
Koga,elite4,SPECIES_VULPIX,PENDING_PHASE1,Y
Koga,elite4,SPECIES_ZUBAT,PENDING_PHASE1,Y
Korrina,gymleader,SPECIES_CHESPIN,PENDING_PHASE1,Y
Korrina,gymleader,SPECIES_CRABRAWLER,PENDING_PHASE1,Y
Korrina,gymleader,SPECIES_FARFETCHD_GALAR,PENDING_PHASE1,Y
Korrina,gymleader,SPECIES_HAWLUCHA,PENDING_PHASE1,Y
Korrina,gymleader,SPECIES_MACHOP,PENDING_PHASE1,Y
Korrina,gymleader,SPECIES_MARSHADOW,PENDING_PHASE1,Y
Korrina,gymleader,SPECIES_MEDITITE,PENDING_PHASE1,Y
Korrina,gymleader,SPECIES_MIENFOO,PENDING_PHASE1,Y
Korrina,gymleader,SPECIES_RALTS,PENDING_PHASE1,Y
Korrina,gymleader,SPECIES_RIOLU,PENDING_PHASE1,Y
Kris,protagonist,SPECIES_CHIKORITA,PENDING_PHASE1,Y
Kris,protagonist,SPECIES_CYNDAQUIL,PENDING_PHASE1,Y
Kris,protagonist,SPECIES_EEVEE,PENDING_PHASE1,Y
Kris,protagonist,SPECIES_IGGLYBUFF,PENDING_PHASE1,Y
Kris,protagonist,SPECIES_SUICUNE,PENDING_PHASE1,Y
Kris,protagonist,SPECIES_TOTODILE,PENDING_PHASE1,Y
Kukui,champion,SPECIES_BULBASAUR,PENDING_PHASE1,Y
Kukui,champion,SPECIES_CORSOLA,PENDING_PHASE1,Y
Kukui,champion,SPECIES_CRABRAWLER,PENDING_PHASE1,Y
Kukui,champion,SPECIES_CUTIEFLY,PENDING_PHASE1,Y
Kukui,champion,SPECIES_GRUBBIN,PENDING_PHASE1,Y
Kukui,champion,SPECIES_LITTEN,PENDING_PHASE1,Y
Kukui,champion,SPECIES_LUVDISC,PENDING_PHASE1,Y
Kukui,champion,SPECIES_MAGNEMITE,PENDING_PHASE1,Y
Kukui,champion,SPECIES_MUNCHLAX,PENDING_PHASE1,Y
Kukui,champion,SPECIES_MURKROW,PENDING_PHASE1,Y
Kukui,champion,SPECIES_PICHU,PENDING_PHASE1,Y
Kukui,champion,SPECIES_PIKIPEK,PENDING_PHASE1,Y
Kukui,champion,SPECIES_PIPLUP,PENDING_PHASE1,Y
Kukui,champion,SPECIES_POLIWAG,PENDING_PHASE1,Y
Kukui,champion,SPECIES_POPPLIO,PENDING_PHASE1,Y
Kukui,champion,SPECIES_RIOLU,PENDING_PHASE1,Y
Kukui,champion,SPECIES_ROCKRUFF,PENDING_PHASE1,Y
Kukui,champion,SPECIES_ROTOM,PENDING_PHASE1,Y
Kukui,champion,SPECIES_ROWLET,PENDING_PHASE1,Y
Kukui,champion,SPECIES_RUFFLET,PENDING_PHASE1,Y
Kukui,champion,SPECIES_SNUBBULL,PENDING_PHASE1,Y
Kukui,champion,SPECIES_STUFFUL,PENDING_PHASE1,Y
Kukui,champion,SPECIES_VULPIX,PENDING_PHASE1,Y
Lana (anime),anime,SPECIES_CHINCHOU,PENDING_PHASE1,Y
Lana (anime),anime,SPECIES_DEWPIDER,PENDING_PHASE1,Y
Lana (anime),anime,SPECIES_EEVEE,PENDING_PHASE1,Y
Lana (anime),anime,SPECIES_FEEBAS,PENDING_PHASE1,Y
Lana (anime),anime,SPECIES_LAPRAS,PENDING_PHASE1,Y
Lana (anime),anime,SPECIES_POPPLIO,PENDING_PHASE1,Y
Lana (anime),anime,SPECIES_SHELLDER,PENDING_PHASE1,Y
Lana (anime),anime,SPECIES_XURKITREE,PENDING_PHASE1,Y
Lance,champion,SPECIES_AERODACTYL,PENDING_PHASE1,Y
Lance,champion,SPECIES_AXEW,PENDING_PHASE1,Y
Lance,champion,SPECIES_BAGON,PENDING_PHASE1,Y
Lance,champion,SPECIES_CHARMANDER,PENDING_PHASE1,Y
Lance,champion,SPECIES_DEINO,PENDING_PHASE1,Y
Lance,champion,SPECIES_DRATINI,PENDING_PHASE1,Y
Lance,champion,SPECIES_ELEKID,PENDING_PHASE1,Y
Lance,champion,SPECIES_EXEGGCUTE,PENDING_PHASE1,Y
Lance,champion,SPECIES_GIBLE,PENDING_PHASE1,Y
Lance,champion,SPECIES_GROWLITHE,PENDING_PHASE1,Y
Lance,champion,SPECIES_HORSEA,PENDING_PHASE1,Y
Lance,champion,SPECIES_KANGASKHAN,PENDING_PHASE1,Y
Lance,champion,SPECIES_LAPRAS,PENDING_PHASE1,Y
Lance,champion,SPECIES_LARVITAR,PENDING_PHASE1,Y
Lance,champion,SPECIES_LUGIA,PENDING_PHASE1,Y
Lance,champion,SPECIES_MAGIKARP,PENDING_PHASE1,Y
Lance,champion,SPECIES_MUNCHLAX,PENDING_PHASE1,Y
Lance,champion,SPECIES_ONIX,PENDING_PHASE1,Y
Lance,champion,SPECIES_SWABLU,PENDING_PHASE1,Y
Lance,champion,SPECIES_TOTODILE,PENDING_PHASE1,Y
Lance,champion,SPECIES_TRAPINCH,PENDING_PHASE1,Y
Larry,gymleader,SPECIES_DUNSPARCE,PENDING_PHASE1,Y
Larry,gymleader,SPECIES_FLAMIGO,PENDING_PHASE1,Y
Larry,gymleader,SPECIES_KOMALA,PENDING_PHASE1,Y
Larry,gymleader,SPECIES_LECHONK,PENDING_PHASE1,Y
Larry,gymleader,SPECIES_ORICORIO_BAILE,PENDING_PHASE1,Y
Larry,gymleader,SPECIES_RUFFLET,PENDING_PHASE1,Y
Larry,gymleader,SPECIES_STARLY,PENDING_PHASE1,Y
Larry,gymleader,SPECIES_SWABLU,PENDING_PHASE1,Y
Larry,gymleader,SPECIES_TAUROS,PENDING_PHASE1,Y
Larry,gymleader,SPECIES_TROPIUS,PENDING_PHASE1,Y
Laventon,professor,SPECIES_CYNDAQUIL,PENDING_PHASE1,Y
Laventon,professor,SPECIES_OSHAWOTT,PENDING_PHASE1,Y
Laventon,professor,SPECIES_ROWLET,PENDING_PHASE1,Y
Leaf,protagonist,SPECIES_BULBASAUR,PENDING_PHASE1,Y
Leaf,protagonist,SPECIES_CLEFFA,PENDING_PHASE1,Y
Leaf,protagonist,SPECIES_EEVEE,PENDING_PHASE1,Y
Leaf,protagonist,SPECIES_MOLTRES,PENDING_PHASE1,Y
Leaf,protagonist,SPECIES_SQUIRTLE,PENDING_PHASE1,Y
Lenora,gymleader,SPECIES_AUDINO,PENDING_PHASE1,Y
Lenora,gymleader,SPECIES_CLEFFA,PENDING_PHASE1,Y
Lenora,gymleader,SPECIES_DEERLING_SPRING,PENDING_PHASE1,Y
Lenora,gymleader,SPECIES_DUNSPARCE,PENDING_PHASE1,Y
Lenora,gymleader,SPECIES_KANGASKHAN,PENDING_PHASE1,Y
Lenora,gymleader,SPECIES_LICKITUNG,PENDING_PHASE1,Y
Lenora,gymleader,SPECIES_LILLIPUP,PENDING_PHASE1,Y
Lenora,gymleader,SPECIES_MINCCINO,PENDING_PHASE1,Y
Lenora,gymleader,SPECIES_PATRAT,PENDING_PHASE1,Y
Lenora,gymleader,SPECIES_RUFFLET,PENDING_PHASE1,Y
Leon,champion,SPECIES_AXEW,PENDING_PHASE1,Y
Leon,champion,SPECIES_CALYREX,PENDING_PHASE1,Y
Leon,champion,SPECIES_CHARMANDER,PENDING_PHASE1,Y
Leon,champion,SPECIES_DREEPY,PENDING_PHASE1,Y
Leon,champion,SPECIES_ETERNATUS,PENDING_PHASE1,Y
Leon,champion,SPECIES_GROOKEY,PENDING_PHASE1,Y
Leon,champion,SPECIES_HONEDGE,PENDING_PHASE1,Y
Leon,champion,SPECIES_MIME_JR,PENDING_PHASE1,Y
Leon,champion,SPECIES_RHYHORN,PENDING_PHASE1,Y
Leon,champion,SPECIES_ROOKIDEE,PENDING_PHASE1,Y
Leon,champion,SPECIES_SCORBUNNY,PENDING_PHASE1,Y
Leon,champion,SPECIES_SOBBLE,PENDING_PHASE1,Y
Leon,champion,SPECIES_TYMPOLE,PENDING_PHASE1,Y
Leon,champion,SPECIES_WOOLOO,PENDING_PHASE1,Y
Lillie (anime),anime,SPECIES_BLACEPHALON,PENDING_PHASE1,Y
Lillie (anime),anime,SPECIES_CLEFFA,PENDING_PHASE1,Y
Lillie (anime),anime,SPECIES_COMFEY,PENDING_PHASE1,Y
Lillie (anime),anime,SPECIES_COSMOG,PENDING_PHASE1,Y
Lillie (anime),anime,SPECIES_CUTIEFLY,PENDING_PHASE1,Y
Lillie (anime),anime,SPECIES_MAGEARNA,PENDING_PHASE1,Y
Lillie (anime),anime,SPECIES_VULPIX,PENDING_PHASE1,Y
Liza,gymleader,SPECIES_BALTOY,PENDING_PHASE1,Y
Liza,gymleader,SPECIES_BRONZOR,PENDING_PHASE1,Y
Liza,gymleader,SPECIES_CELESTEELA,PENDING_PHASE1,Y
Liza,gymleader,SPECIES_CHINGLING,PENDING_PHASE1,Y
Liza,gymleader,SPECIES_DROWZEE,PENDING_PHASE1,Y
Liza,gymleader,SPECIES_GOTHITA,PENDING_PHASE1,Y
Liza,gymleader,SPECIES_LUNATONE,PENDING_PHASE1,Y
Liza,gymleader,SPECIES_NATU,PENDING_PHASE1,Y
Liza,gymleader,SPECIES_RALTS,PENDING_PHASE1,Y
Liza,gymleader,SPECIES_SLOWPOKE,PENDING_PHASE1,Y
Liza,gymleader,SPECIES_SPOINK,PENDING_PHASE1,Y
Lorelei,elite4,SPECIES_ARTICUNO,PENDING_PHASE1,Y
Lorelei,elite4,SPECIES_EXEGGCUTE,PENDING_PHASE1,Y
Lorelei,elite4,SPECIES_IGGLYBUFF,PENDING_PHASE1,Y
Lorelei,elite4,SPECIES_LAPRAS,PENDING_PHASE1,Y
Lorelei,elite4,SPECIES_OMANYTE,PENDING_PHASE1,Y
Lorelei,elite4,SPECIES_SANDSHREW,PENDING_PHASE1,Y
Lorelei,elite4,SPECIES_SEEL,PENDING_PHASE1,Y
Lorelei,elite4,SPECIES_SHELLDER,PENDING_PHASE1,Y
Lorelei,elite4,SPECIES_SLOWPOKE,PENDING_PHASE1,Y
Lorelei,elite4,SPECIES_SMOOCHUM,PENDING_PHASE1,Y
Lorelei,elite4,SPECIES_STARYU,PENDING_PHASE1,Y
Lorelei,elite4,SPECIES_SWINUB,PENDING_PHASE1,Y
Lt. Surge,gymleader,SPECIES_BELLSPROUT,PENDING_PHASE1,Y
Lt. Surge,gymleader,SPECIES_CHINCHOU,PENDING_PHASE1,Y
Lt. Surge,gymleader,SPECIES_DODUO,PENDING_PHASE1,Y
Lt. Surge,gymleader,SPECIES_EEVEE,PENDING_PHASE1,Y
Lt. Surge,gymleader,SPECIES_ELECTRIKE,PENDING_PHASE1,Y
Lt. Surge,gymleader,SPECIES_ELEKID,PENDING_PHASE1,Y
Lt. Surge,gymleader,SPECIES_HORSEA,PENDING_PHASE1,Y
Lt. Surge,gymleader,SPECIES_KRABBY,PENDING_PHASE1,Y
Lt. Surge,gymleader,SPECIES_LICKITUNG,PENDING_PHASE1,Y
Lt. Surge,gymleader,SPECIES_MAGNEMITE,PENDING_PHASE1,Y
Lt. Surge,gymleader,SPECIES_MAREEP,PENDING_PHASE1,Y
Lt. Surge,gymleader,SPECIES_PACHIRISU,PENDING_PHASE1,Y
Lt. Surge,gymleader,SPECIES_PICHU,PENDING_PHASE1,Y
Lt. Surge,gymleader,SPECIES_POLIWAG,PENDING_PHASE1,Y
Lt. Surge,gymleader,SPECIES_PORYGON,PENDING_PHASE1,Y
Lt. Surge,gymleader,SPECIES_RAIKOU,PENDING_PHASE1,Y
Lt. Surge,gymleader,SPECIES_SEEL,PENDING_PHASE1,Y
Lt. Surge,gymleader,SPECIES_TANGELA,PENDING_PHASE1,Y
Lt. Surge,gymleader,SPECIES_VOLTORB,PENDING_PHASE1,Y
Lt. Surge,gymleader,SPECIES_WOOPER,PENDING_PHASE1,Y
Lt. Surge,gymleader,SPECIES_ZAPDOS,PENDING_PHASE1,Y
Lucas,protagonist,SPECIES_ABRA,PENDING_PHASE1,Y
Lucas,protagonist,SPECIES_ABSOL,PENDING_PHASE1,Y
Lucas,protagonist,SPECIES_BIDOOF,PENDING_PHASE1,Y
Lucas,protagonist,SPECIES_BURMY_PLANT,PENDING_PHASE1,Y
Lucas,protagonist,SPECIES_CHIMCHAR,PENDING_PHASE1,Y
Lucas,protagonist,SPECIES_CLEFFA,PENDING_PHASE1,Y
Lucas,protagonist,SPECIES_CRANIDOS,PENDING_PHASE1,Y
Lucas,protagonist,SPECIES_DIALGA,PENDING_PHASE1,Y
Lucas,protagonist,SPECIES_DUNSPARCE,PENDING_PHASE1,Y
Lucas,protagonist,SPECIES_DUSKULL,PENDING_PHASE1,Y
Lucas,protagonist,SPECIES_EEVEE,PENDING_PHASE1,Y
Lucas,protagonist,SPECIES_FEEBAS,PENDING_PHASE1,Y
Lucas,protagonist,SPECIES_GLIGAR,PENDING_PHASE1,Y
Lucas,protagonist,SPECIES_KABUTO,PENDING_PHASE1,Y
Lucas,protagonist,SPECIES_LILEEP,PENDING_PHASE1,Y
Lucas,protagonist,SPECIES_MAGBY,PENDING_PHASE1,Y
Lucas,protagonist,SPECIES_PIPLUP,PENDING_PHASE1,Y
Lucas,protagonist,SPECIES_PORYGON,PENDING_PHASE1,Y
Lucas,protagonist,SPECIES_RALTS,PENDING_PHASE1,Y
Lucas,protagonist,SPECIES_ROTOM,PENDING_PHASE1,Y
Lucas,protagonist,SPECIES_TANGELA,PENDING_PHASE1,Y
Lucas,protagonist,SPECIES_TAUROS,PENDING_PHASE1,Y
Lucas,protagonist,SPECIES_TURTWIG,PENDING_PHASE1,Y
Lucian,elite4,SPECIES_ABRA,PENDING_PHASE1,Y
Lucian,elite4,SPECIES_BRONZOR,PENDING_PHASE1,Y
Lucian,elite4,SPECIES_EEVEE,PENDING_PHASE1,Y
Lucian,elite4,SPECIES_GIRAFARIG,PENDING_PHASE1,Y
Lucian,elite4,SPECIES_MEDITITE,PENDING_PHASE1,Y
Lucian,elite4,SPECIES_MIME_JR,PENDING_PHASE1,Y
Lucian,elite4,SPECIES_RALTS,PENDING_PHASE1,Y
Lucian,elite4,SPECIES_SLOWPOKE,PENDING_PHASE1,Y
Lucy,frontier,SPECIES_ABRA,PENDING_PHASE1,Y
Lucy,frontier,SPECIES_CYNDAQUIL,PENDING_PHASE1,Y
Lucy,frontier,SPECIES_FEEBAS,PENDING_PHASE1,Y
Lucy,frontier,SPECIES_MAGIKARP,PENDING_PHASE1,Y
Lucy,frontier,SPECIES_MAKUHITA,PENDING_PHASE1,Y
Lucy,frontier,SPECIES_MUNCHLAX,PENDING_PHASE1,Y
Lucy,frontier,SPECIES_ONIX,PENDING_PHASE1,Y
Lucy,frontier,SPECIES_SEVIPER,PENDING_PHASE1,Y
Lucy,frontier,SPECIES_SHUCKLE,PENDING_PHASE1,Y
Lucy,frontier,SPECIES_SKITTY,PENDING_PHASE1,Y
Lucy,frontier,SPECIES_SWINUB,PENDING_PHASE1,Y
Lusamine,villain,SPECIES_ABSOL,PENDING_PHASE1,Y
Lusamine,villain,SPECIES_BLACEPHALON,PENDING_PHASE1,Y
Lusamine,villain,SPECIES_BUNEARY,PENDING_PHASE1,Y
Lusamine,villain,SPECIES_BUZZWOLE,PENDING_PHASE1,Y
Lusamine,villain,SPECIES_CELESTEELA,PENDING_PHASE1,Y
Lusamine,villain,SPECIES_CLEFFA,PENDING_PHASE1,Y
Lusamine,villain,SPECIES_COSMOG,PENDING_PHASE1,Y
Lusamine,villain,SPECIES_DRIFLOON,PENDING_PHASE1,Y
Lusamine,villain,SPECIES_FEEBAS,PENDING_PHASE1,Y
Lusamine,villain,SPECIES_GUZZLORD,PENDING_PHASE1,Y
Lusamine,villain,SPECIES_KARTANA,PENDING_PHASE1,Y
Lusamine,villain,SPECIES_LILLIPUP,PENDING_PHASE1,Y
Lusamine,villain,SPECIES_LITTEN,PENDING_PHASE1,Y
Lusamine,villain,SPECIES_MAGBY,PENDING_PHASE1,Y
Lusamine,villain,SPECIES_MISDREAVUS,PENDING_PHASE1,Y
Lusamine,villain,SPECIES_NECROZMA,PENDING_PHASE1,Y
Lusamine,villain,SPECIES_NIHILEGO,PENDING_PHASE1,Y
Lusamine,villain,SPECIES_PETILIL,PENDING_PHASE1,Y
Lusamine,villain,SPECIES_PHEROMOSA,PENDING_PHASE1,Y
Lusamine,villain,SPECIES_PICHU,PENDING_PHASE1,Y
Lusamine,villain,SPECIES_POIPOLE,PENDING_PHASE1,Y
Lusamine,villain,SPECIES_POPPLIO,PENDING_PHASE1,Y
Lusamine,villain,SPECIES_PYUKUMUKU,PENDING_PHASE1,Y
Lusamine,villain,SPECIES_ROWLET,PENDING_PHASE1,Y
Lusamine,villain,SPECIES_SALANDIT,PENDING_PHASE1,Y
Lusamine,villain,SPECIES_SLOWPOKE,PENDING_PHASE1,Y
Lusamine,villain,SPECIES_SNUBBULL,PENDING_PHASE1,Y
Lusamine,villain,SPECIES_STARYU,PENDING_PHASE1,Y
Lusamine,villain,SPECIES_STUFFUL,PENDING_PHASE1,Y
Lusamine,villain,SPECIES_TYPE_NULL,PENDING_PHASE1,Y
Lusamine,villain,SPECIES_XURKITREE,PENDING_PHASE1,Y
Lyra,protagonist,SPECIES_AZURILL,PENDING_PHASE1,Y
Lyra,protagonist,SPECIES_BULBASAUR,PENDING_PHASE1,Y
Lyra,protagonist,SPECIES_CELEBI,PENDING_PHASE1,Y
Lyra,protagonist,SPECIES_CHIKORITA,PENDING_PHASE1,Y
Lyra,protagonist,SPECIES_CYNDAQUIL,PENDING_PHASE1,Y
Lyra,protagonist,SPECIES_EEVEE,PENDING_PHASE1,Y
Lyra,protagonist,SPECIES_ENTEI,PENDING_PHASE1,Y
Lyra,protagonist,SPECIES_GIRAFARIG,PENDING_PHASE1,Y
Lyra,protagonist,SPECIES_IGGLYBUFF,PENDING_PHASE1,Y
Lyra,protagonist,SPECIES_PHANPY,PENDING_PHASE1,Y
Lyra,protagonist,SPECIES_PORYGON,PENDING_PHASE1,Y
Lyra,protagonist,SPECIES_RATTATA,PENDING_PHASE1,Y
Lyra,protagonist,SPECIES_SENTRET,PENDING_PHASE1,Y
Lyra,protagonist,SPECIES_TANGELA,PENDING_PHASE1,Y
Lyra,protagonist,SPECIES_TAUROS,PENDING_PHASE1,Y
Lysandre,villain,SPECIES_FLABEBE_WHITE,PENDING_PHASE1,Y
Lysandre,villain,SPECIES_FLOETTE_ETERNAL,PENDING_PHASE1,Y
Lysandre,villain,SPECIES_LITLEO,PENDING_PHASE1,Y
Lysandre,villain,SPECIES_MAGIKARP,PENDING_PHASE1,Y
Lysandre,villain,SPECIES_MIENFOO,PENDING_PHASE1,Y
Lysandre,villain,SPECIES_MURKROW,PENDING_PHASE1,Y
Lysandre,villain,SPECIES_NOIBAT,PENDING_PHASE1,Y
Lysandre,villain,SPECIES_SABLEYE,PENDING_PHASE1,Y
Lysandre,villain,SPECIES_TRUBBISH,PENDING_PHASE1,Y
Lysandre,villain,SPECIES_VOLCANION,PENDING_PHASE1,Y
Lysandre,villain,SPECIES_XERNEAS_NEUTRAL,PENDING_PHASE1,Y
Lysandre,villain,SPECIES_YVELTAL,PENDING_PHASE1,Y
Lysandre,villain,SPECIES_ZYGARDE_50,PENDING_PHASE1,Y
Magnolia,professor,SPECIES_GROOKEY,PENDING_PHASE1,Y
Magnolia,professor,SPECIES_ROTOM,PENDING_PHASE1,Y
Magnolia,professor,SPECIES_SINISTEA_PHONY,PENDING_PHASE1,Y
Mallow (anime),anime,SPECIES_BOUNSWEET,PENDING_PHASE1,Y
Mallow (anime),anime,SPECIES_COMFEY,PENDING_PHASE1,Y
Mallow (anime),anime,SPECIES_FLETCHLING,PENDING_PHASE1,Y
Mallow (anime),anime,SPECIES_FOMANTIS,PENDING_PHASE1,Y
Mallow (anime),anime,SPECIES_MORELULL,PENDING_PHASE1,Y
Mallow (anime),anime,SPECIES_PHANTUMP,PENDING_PHASE1,Y
Mallow (anime),anime,SPECIES_PIKIPEK,PENDING_PHASE1,Y
Mallow (anime),anime,SPECIES_SHAYMIN_LAND,PENDING_PHASE1,Y
Mallow (anime),anime,SPECIES_TREECKO,PENDING_PHASE1,Y
Malva,elite4,SPECIES_FENNEKIN,PENDING_PHASE1,Y
Malva,elite4,SPECIES_FLETCHLING,PENDING_PHASE1,Y
Malva,elite4,SPECIES_HOUNDOUR,PENDING_PHASE1,Y
Malva,elite4,SPECIES_LITLEO,PENDING_PHASE1,Y
Malva,elite4,SPECIES_LITWICK,PENDING_PHASE1,Y
Malva,elite4,SPECIES_TORKOAL,PENDING_PHASE1,Y
Malva,elite4,SPECIES_YVELTAL,PENDING_PHASE1,Y
Marlon,gymleader,SPECIES_ALOMOMOLA,PENDING_PHASE1,Y
Marlon,gymleader,SPECIES_FRILLISH,PENDING_PHASE1,Y
Marlon,gymleader,SPECIES_MANTYKE,PENDING_PHASE1,Y
Marlon,gymleader,SPECIES_SHELLDER,PENDING_PHASE1,Y
Marlon,gymleader,SPECIES_STARYU,PENDING_PHASE1,Y
Marlon,gymleader,SPECIES_TIRTOUGA,PENDING_PHASE1,Y
Marlon,gymleader,SPECIES_WAILMER,PENDING_PHASE1,Y
Marlon,gymleader,SPECIES_WOOPER,PENDING_PHASE1,Y
Marnie,rival,SPECIES_CROAGUNK,PENDING_PHASE1,Y
Marnie,rival,SPECIES_CYCLIZAR,PENDING_PHASE1,Y
Marnie,rival,SPECIES_IMPIDIMP,PENDING_PHASE1,Y
Marnie,rival,SPECIES_MAWILE,PENDING_PHASE1,Y
Marnie,rival,SPECIES_MOLTRES,PENDING_PHASE1,Y
Marnie,rival,SPECIES_MORPEKO_FULL_BELLY,PENDING_PHASE1,Y
Marnie,rival,SPECIES_PURRLOIN,PENDING_PHASE1,Y
Marnie,rival,SPECIES_REGICE,PENDING_PHASE1,Y
Marnie,rival,SPECIES_REGIROCK,PENDING_PHASE1,Y
Marnie,rival,SPECIES_REGISTEEL,PENDING_PHASE1,Y
Marnie,rival,SPECIES_SCORBUNNY,PENDING_PHASE1,Y
Marnie,rival,SPECIES_SCRAGGY,PENDING_PHASE1,Y
Mars,villain,SPECIES_BRONZOR,PENDING_PHASE1,Y
Mars,villain,SPECIES_EEVEE,PENDING_PHASE1,Y
Mars,villain,SPECIES_ELEKID,PENDING_PHASE1,Y
Mars,villain,SPECIES_GLAMEOW,PENDING_PHASE1,Y
Mars,villain,SPECIES_KANGASKHAN,PENDING_PHASE1,Y
Mars,villain,SPECIES_MAGNEMITE,PENDING_PHASE1,Y
Mars,villain,SPECIES_PICHU,PENDING_PHASE1,Y
Mars,villain,SPECIES_SHINX,PENDING_PHASE1,Y
Mars,villain,SPECIES_TOGEPI,PENDING_PHASE1,Y
Mars,villain,SPECIES_YANMA,PENDING_PHASE1,Y
Mars,villain,SPECIES_ZUBAT,PENDING_PHASE1,Y
Marshal,elite4,SPECIES_CROAGUNK,PENDING_PHASE1,Y
Marshal,elite4,SPECIES_MACHOP,PENDING_PHASE1,Y
Marshal,elite4,SPECIES_MEDITITE,PENDING_PHASE1,Y
Marshal,elite4,SPECIES_MIENFOO,PENDING_PHASE1,Y
Marshal,elite4,SPECIES_RIOLU,PENDING_PHASE1,Y
Marshal,elite4,SPECIES_SAWK,PENDING_PHASE1,Y
Marshal,elite4,SPECIES_SHROOMISH,PENDING_PHASE1,Y
Marshal,elite4,SPECIES_THROH,PENDING_PHASE1,Y
Marshal,elite4,SPECIES_TIMBURR,PENDING_PHASE1,Y
Marshal,elite4,SPECIES_TIRTOUGA,PENDING_PHASE1,Y
Maxie,villain,SPECIES_GROUDON,PENDING_PHASE1,Y
Maxie,villain,SPECIES_HOUNDOUR,PENDING_PHASE1,Y
Maxie,villain,SPECIES_KOFFING,PENDING_PHASE1,Y
Maxie,villain,SPECIES_NUMEL,PENDING_PHASE1,Y
Maxie,villain,SPECIES_POOCHYENA,PENDING_PHASE1,Y
Maxie,villain,SPECIES_TAILLOW,PENDING_PHASE1,Y
Maxie,villain,SPECIES_ZUBAT,PENDING_PHASE1,Y
May,protagonist,SPECIES_ARON,PENDING_PHASE1,Y
May,protagonist,SPECIES_AUDINO,PENDING_PHASE1,Y
May,protagonist,SPECIES_BALTOY,PENDING_PHASE1,Y
May,protagonist,SPECIES_BULBASAUR,PENDING_PHASE1,Y
May,protagonist,SPECIES_BUNEARY,PENDING_PHASE1,Y
May,protagonist,SPECIES_EEVEE,PENDING_PHASE1,Y
May,protagonist,SPECIES_KYOGRE,PENDING_PHASE1,Y
May,protagonist,SPECIES_LATIAS,PENDING_PHASE1,Y
May,protagonist,SPECIES_LATIOS,PENDING_PHASE1,Y
May,protagonist,SPECIES_LOTAD,PENDING_PHASE1,Y
May,protagonist,SPECIES_MUDKIP,PENDING_PHASE1,Y
May,protagonist,SPECIES_MUNCHLAX,PENDING_PHASE1,Y
May,protagonist,SPECIES_NUMEL,PENDING_PHASE1,Y
May,protagonist,SPECIES_PICHU,PENDING_PHASE1,Y
May,protagonist,SPECIES_RAYQUAZA,PENDING_PHASE1,Y
May,protagonist,SPECIES_SHROOMISH,PENDING_PHASE1,Y
May,protagonist,SPECIES_SKITTY,PENDING_PHASE1,Y
May,protagonist,SPECIES_SLUGMA,PENDING_PHASE1,Y
May,protagonist,SPECIES_SQUIRTLE,PENDING_PHASE1,Y
May,protagonist,SPECIES_SWABLU,PENDING_PHASE1,Y
May,protagonist,SPECIES_TAILLOW,PENDING_PHASE1,Y
May,protagonist,SPECIES_TORCHIC,PENDING_PHASE1,Y
May,protagonist,SPECIES_TORKOAL,PENDING_PHASE1,Y
May,protagonist,SPECIES_TREECKO,PENDING_PHASE1,Y
May,protagonist,SPECIES_TROPIUS,PENDING_PHASE1,Y
May,protagonist,SPECIES_WAILMER,PENDING_PHASE1,Y
May,protagonist,SPECIES_WHISMUR,PENDING_PHASE1,Y
May,protagonist,SPECIES_WINGULL,PENDING_PHASE1,Y
May,protagonist,SPECIES_WURMPLE,PENDING_PHASE1,Y
Maylene,gymleader,SPECIES_CHIMCHAR,PENDING_PHASE1,Y
Maylene,gymleader,SPECIES_CROAGUNK,PENDING_PHASE1,Y
Maylene,gymleader,SPECIES_DRATINI,PENDING_PHASE1,Y
Maylene,gymleader,SPECIES_HERACROSS,PENDING_PHASE1,Y
Maylene,gymleader,SPECIES_MACHOP,PENDING_PHASE1,Y
Maylene,gymleader,SPECIES_MEDITITE,PENDING_PHASE1,Y
Maylene,gymleader,SPECIES_PACHIRISU,PENDING_PHASE1,Y
Maylene,gymleader,SPECIES_PIPLUP,PENDING_PHASE1,Y
Maylene,gymleader,SPECIES_RALTS,PENDING_PHASE1,Y
Maylene,gymleader,SPECIES_RIOLU,PENDING_PHASE1,Y
Maylene,gymleader,SPECIES_SHROOMISH,PENDING_PHASE1,Y
Maylene,gymleader,SPECIES_TORCHIC,PENDING_PHASE1,Y
Maylene,gymleader,SPECIES_TYROGUE,PENDING_PHASE1,Y
Milo,gymleader,SPECIES_APPLIN,PENDING_PHASE1,Y
Milo,gymleader,SPECIES_BOUNSWEET,PENDING_PHASE1,Y
Milo,gymleader,SPECIES_CHERUBI,PENDING_PHASE1,Y
Milo,gymleader,SPECIES_GOSSIFLEUR,PENDING_PHASE1,Y
Milo,gymleader,SPECIES_LOTAD,PENDING_PHASE1,Y
Milo,gymleader,SPECIES_ODDISH,PENDING_PHASE1,Y
Milo,gymleader,SPECIES_SEEDOT,PENDING_PHASE1,Y
Milo,gymleader,SPECIES_WOOLOO,PENDING_PHASE1,Y
Misty,gymleader,SPECIES_AZURILL,PENDING_PHASE1,Y
Misty,gymleader,SPECIES_BUIZEL,PENDING_PHASE1,Y
Misty,gymleader,SPECIES_CHINCHOU,PENDING_PHASE1,Y
Misty,gymleader,SPECIES_CLAUNCHER,PENDING_PHASE1,Y
Misty,gymleader,SPECIES_CORSOLA,PENDING_PHASE1,Y
Misty,gymleader,SPECIES_DIGLETT,PENDING_PHASE1,Y
Misty,gymleader,SPECIES_DRATINI,PENDING_PHASE1,Y
Misty,gymleader,SPECIES_DUCKLETT,PENDING_PHASE1,Y
Misty,gymleader,SPECIES_EEVEE,PENDING_PHASE1,Y
Misty,gymleader,SPECIES_EXEGGCUTE,PENDING_PHASE1,Y
Misty,gymleader,SPECIES_FEEBAS,PENDING_PHASE1,Y
Misty,gymleader,SPECIES_FRILLISH,PENDING_PHASE1,Y
Misty,gymleader,SPECIES_GOLDEEN,PENDING_PHASE1,Y
Misty,gymleader,SPECIES_HORSEA,PENDING_PHASE1,Y
Misty,gymleader,SPECIES_IGGLYBUFF,PENDING_PHASE1,Y
Misty,gymleader,SPECIES_LAPRAS,PENDING_PHASE1,Y
Misty,gymleader,SPECIES_LUVDISC,PENDING_PHASE1,Y
Misty,gymleader,SPECIES_MAGIKARP,PENDING_PHASE1,Y
Misty,gymleader,SPECIES_MAREEP,PENDING_PHASE1,Y
Misty,gymleader,SPECIES_NIDORAN_F,PENDING_PHASE1,Y
Misty,gymleader,SPECIES_OMANYTE,PENDING_PHASE1,Y
Misty,gymleader,SPECIES_POLIWAG,PENDING_PHASE1,Y
Misty,gymleader,SPECIES_PSYDUCK,PENDING_PHASE1,Y
Misty,gymleader,SPECIES_SEEL,PENDING_PHASE1,Y
Misty,gymleader,SPECIES_SHELLDER,PENDING_PHASE1,Y
Misty,gymleader,SPECIES_SLOWPOKE,PENDING_PHASE1,Y
Misty,gymleader,SPECIES_SQUIRTLE,PENDING_PHASE1,Y
Misty,gymleader,SPECIES_STARYU,PENDING_PHASE1,Y
Misty,gymleader,SPECIES_SUICUNE,PENDING_PHASE1,Y
Misty,gymleader,SPECIES_SUNKERN,PENDING_PHASE1,Y
Misty,gymleader,SPECIES_TENTACOOL,PENDING_PHASE1,Y
Misty,gymleader,SPECIES_TIRTOUGA,PENDING_PHASE1,Y
Misty,gymleader,SPECIES_TOGEPI,PENDING_PHASE1,Y
Misty,gymleader,SPECIES_WOOPER,PENDING_PHASE1,Y
Molayne,elite4,SPECIES_BELDUM,PENDING_PHASE1,Y
Molayne,elite4,SPECIES_DIGLETT,PENDING_PHASE1,Y
Molayne,elite4,SPECIES_KLEFKI,PENDING_PHASE1,Y
Molayne,elite4,SPECIES_MAGNEMITE,PENDING_PHASE1,Y
Molayne,elite4,SPECIES_MAREEP,PENDING_PHASE1,Y
Molayne,elite4,SPECIES_PAWNIARD,PENDING_PHASE1,Y
Molayne,elite4,SPECIES_SANDSHREW,PENDING_PHASE1,Y
Molayne,elite4,SPECIES_SKARMORY,PENDING_PHASE1,Y
Morty,gymleader,SPECIES_BONSLY,PENDING_PHASE1,Y
Morty,gymleader,SPECIES_CUBONE,PENDING_PHASE1,Y
Morty,gymleader,SPECIES_CYNDAQUIL,PENDING_PHASE1,Y
Morty,gymleader,SPECIES_DRIFLOON,PENDING_PHASE1,Y
Morty,gymleader,SPECIES_DUSKULL,PENDING_PHASE1,Y
Morty,gymleader,SPECIES_EXEGGCUTE,PENDING_PHASE1,Y
Morty,gymleader,SPECIES_FRILLISH,PENDING_PHASE1,Y
Morty,gymleader,SPECIES_GASTLY,PENDING_PHASE1,Y
Morty,gymleader,SPECIES_GIRAFARIG,PENDING_PHASE1,Y
Morty,gymleader,SPECIES_HOOTHOOT,PENDING_PHASE1,Y
Morty,gymleader,SPECIES_HO_OH,PENDING_PHASE1,Y
Morty,gymleader,SPECIES_LAPRAS,PENDING_PHASE1,Y
Morty,gymleader,SPECIES_LITWICK,PENDING_PHASE1,Y
Morty,gymleader,SPECIES_MANTYKE,PENDING_PHASE1,Y
Morty,gymleader,SPECIES_MISDREAVUS,PENDING_PHASE1,Y
Morty,gymleader,SPECIES_SABLEYE,PENDING_PHASE1,Y
Morty,gymleader,SPECIES_SHUPPET,PENDING_PHASE1,Y
Morty,gymleader,SPECIES_SNORUNT,PENDING_PHASE1,Y
Morty,gymleader,SPECIES_SNUBBULL,PENDING_PHASE1,Y
Morty,gymleader,SPECIES_SPINARAK,PENDING_PHASE1,Y
Morty,gymleader,SPECIES_YAMASK,PENDING_PHASE1,Y
N,rival,SPECIES_ANORITH,PENDING_PHASE1,Y
N,rival,SPECIES_ARCHEN,PENDING_PHASE1,Y
N,rival,SPECIES_CHINCHOU,PENDING_PHASE1,Y
N,rival,SPECIES_DARUMAKA,PENDING_PHASE1,Y
N,rival,SPECIES_EEVEE,PENDING_PHASE1,Y
N,rival,SPECIES_FERROSEED,PENDING_PHASE1,Y
N,rival,SPECIES_GROWLITHE,PENDING_PHASE1,Y
N,rival,SPECIES_HIPPOPOTAS,PENDING_PHASE1,Y
N,rival,SPECIES_JOLTIK,PENDING_PHASE1,Y
N,rival,SPECIES_KABUTO,PENDING_PHASE1,Y
N,rival,SPECIES_KLINK,PENDING_PHASE1,Y
N,rival,SPECIES_KYUREM,PENDING_PHASE1,Y
N,rival,SPECIES_LANDORUS_INCARNATE,PENDING_PHASE1,Y
N,rival,SPECIES_LILEEP,PENDING_PHASE1,Y
N,rival,SPECIES_LILLIPUP,PENDING_PHASE1,Y
N,rival,SPECIES_MINCCINO,PENDING_PHASE1,Y
N,rival,SPECIES_NINCADA,PENDING_PHASE1,Y
N,rival,SPECIES_OMANYTE,PENDING_PHASE1,Y
N,rival,SPECIES_PIDOVE,PENDING_PHASE1,Y
N,rival,SPECIES_POLIWAG,PENDING_PHASE1,Y
N,rival,SPECIES_PONYTA,PENDING_PHASE1,Y
N,rival,SPECIES_PURRLOIN,PENDING_PHASE1,Y
N,rival,SPECIES_RESHIRAM,PENDING_PHASE1,Y
N,rival,SPECIES_RHYHORN,PENDING_PHASE1,Y
N,rival,SPECIES_ROGGENROLA,PENDING_PHASE1,Y
N,rival,SPECIES_SANDILE,PENDING_PHASE1,Y
N,rival,SPECIES_SCRAGGY,PENDING_PHASE1,Y
N,rival,SPECIES_SCYTHER,PENDING_PHASE1,Y
N,rival,SPECIES_SEEDOT,PENDING_PHASE1,Y
N,rival,SPECIES_SHELLDER,PENDING_PHASE1,Y
N,rival,SPECIES_SHELLOS_WEST,PENDING_PHASE1,Y
N,rival,SPECIES_SIGILYPH,PENDING_PHASE1,Y
N,rival,SPECIES_SNORUNT,PENDING_PHASE1,Y
N,rival,SPECIES_SNOVER,PENDING_PHASE1,Y
N,rival,SPECIES_STARYU,PENDING_PHASE1,Y
N,rival,SPECIES_SWINUB,PENDING_PHASE1,Y
N,rival,SPECIES_TENTACOOL,PENDING_PHASE1,Y
N,rival,SPECIES_TIMBURR,PENDING_PHASE1,Y
N,rival,SPECIES_TIRTOUGA,PENDING_PHASE1,Y
N,rival,SPECIES_TYMPOLE,PENDING_PHASE1,Y
N,rival,SPECIES_VANILLITE,PENDING_PHASE1,Y
N,rival,SPECIES_VULPIX,PENDING_PHASE1,Y
N,rival,SPECIES_WOOBAT,PENDING_PHASE1,Y
N,rival,SPECIES_ZEKROM,PENDING_PHASE1,Y
N,rival,SPECIES_ZORUA,PENDING_PHASE1,Y
Nando,anime,SPECIES_ANORITH,PENDING_PHASE1,Y
Nando,anime,SPECIES_BUDEW,PENDING_PHASE1,Y
Nando,anime,SPECIES_BUNEARY,PENDING_PHASE1,Y
Nando,anime,SPECIES_KRICKETOT,PENDING_PHASE1,Y
Nando,anime,SPECIES_SUNKERN,PENDING_PHASE1,Y
Nando,anime,SPECIES_SWABLU,PENDING_PHASE1,Y
Nanu,gymleader,SPECIES_ABSOL,PENDING_PHASE1,Y
Nanu,gymleader,SPECIES_MEOWTH,PENDING_PHASE1,Y
Nanu,gymleader,SPECIES_MURKROW,PENDING_PHASE1,Y
Nanu,gymleader,SPECIES_SABLEYE,PENDING_PHASE1,Y
Nanu,gymleader,SPECIES_SANDILE,PENDING_PHASE1,Y
Nate,protagonist,SPECIES_ALOMOMOLA,PENDING_PHASE1,Y
Nate,protagonist,SPECIES_ARCHEN,PENDING_PHASE1,Y
Nate,protagonist,SPECIES_AUDINO,PENDING_PHASE1,Y
Nate,protagonist,SPECIES_AXEW,PENDING_PHASE1,Y
Nate,protagonist,SPECIES_BOUFFALANT,PENDING_PHASE1,Y
Nate,protagonist,SPECIES_CRYOGONAL,PENDING_PHASE1,Y
Nate,protagonist,SPECIES_CUBCHOO,PENDING_PHASE1,Y
Nate,protagonist,SPECIES_DARUMAKA,PENDING_PHASE1,Y
Nate,protagonist,SPECIES_DRILBUR,PENDING_PHASE1,Y
Nate,protagonist,SPECIES_DRUDDIGON,PENDING_PHASE1,Y
Nate,protagonist,SPECIES_DURANT,PENDING_PHASE1,Y
Nate,protagonist,SPECIES_FERROSEED,PENDING_PHASE1,Y
Nate,protagonist,SPECIES_FOONGUS,PENDING_PHASE1,Y
Nate,protagonist,SPECIES_FRILLISH,PENDING_PHASE1,Y
Nate,protagonist,SPECIES_GOLETT,PENDING_PHASE1,Y
Nate,protagonist,SPECIES_GOTHITA,PENDING_PHASE1,Y
Nate,protagonist,SPECIES_GROWLITHE,PENDING_PHASE1,Y
Nate,protagonist,SPECIES_KARRABLAST,PENDING_PHASE1,Y
Nate,protagonist,SPECIES_KLINK,PENDING_PHASE1,Y
Nate,protagonist,SPECIES_LITWICK,PENDING_PHASE1,Y
Nate,protagonist,SPECIES_MIENFOO,PENDING_PHASE1,Y
Nate,protagonist,SPECIES_MUNNA,PENDING_PHASE1,Y
Nate,protagonist,SPECIES_OSHAWOTT,PENDING_PHASE1,Y
Nate,protagonist,SPECIES_PANPOUR,PENDING_PHASE1,Y
Nate,protagonist,SPECIES_PANSAGE,PENDING_PHASE1,Y
Nate,protagonist,SPECIES_PANSEAR,PENDING_PHASE1,Y
Nate,protagonist,SPECIES_PAWNIARD,PENDING_PHASE1,Y
Nate,protagonist,SPECIES_PETILIL,PENDING_PHASE1,Y
Nate,protagonist,SPECIES_RIOLU,PENDING_PHASE1,Y
Nate,protagonist,SPECIES_ROGGENROLA,PENDING_PHASE1,Y
Nate,protagonist,SPECIES_RUFFLET,PENDING_PHASE1,Y
Nate,protagonist,SPECIES_SANDILE,PENDING_PHASE1,Y
Nate,protagonist,SPECIES_SAWK,PENDING_PHASE1,Y
Nate,protagonist,SPECIES_SCRAGGY,PENDING_PHASE1,Y
Nate,protagonist,SPECIES_SHELMET,PENDING_PHASE1,Y
Nate,protagonist,SPECIES_SNIVY,PENDING_PHASE1,Y
Nate,protagonist,SPECIES_SOLOSIS,PENDING_PHASE1,Y
Nate,protagonist,SPECIES_TEPIG,PENDING_PHASE1,Y
Nate,protagonist,SPECIES_THROH,PENDING_PHASE1,Y
Nate,protagonist,SPECIES_TIMBURR,PENDING_PHASE1,Y
Nate,protagonist,SPECIES_TYNAMO,PENDING_PHASE1,Y
Nate,protagonist,SPECIES_VANILLITE,PENDING_PHASE1,Y
Nate,protagonist,SPECIES_VULLABY,PENDING_PHASE1,Y
Nate,protagonist,SPECIES_YAMASK,PENDING_PHASE1,Y
Nemona,champion,SPECIES_CHIMCHAR,PENDING_PHASE1,Y
Nemona,champion,SPECIES_CUTIEFLY,PENDING_PHASE1,Y
Nemona,champion,SPECIES_CYCLIZAR,PENDING_PHASE1,Y
Nemona,champion,SPECIES_DUNSPARCE,PENDING_PHASE1,Y
Nemona,champion,SPECIES_DUSKULL,PENDING_PHASE1,Y
Nemona,champion,SPECIES_FEEBAS,PENDING_PHASE1,Y
Nemona,champion,SPECIES_FROAKIE,PENDING_PHASE1,Y
Nemona,champion,SPECIES_FUECOCO,PENDING_PHASE1,Y
Nemona,champion,SPECIES_GOOMY,PENDING_PHASE1,Y
Nemona,champion,SPECIES_JANGMO_O,PENDING_PHASE1,Y
Nemona,champion,SPECIES_LECHONK,PENDING_PHASE1,Y
Nemona,champion,SPECIES_ORTHWORM,PENDING_PHASE1,Y
Nemona,champion,SPECIES_PAWMI,PENDING_PHASE1,Y
Nemona,champion,SPECIES_QUAXLY,PENDING_PHASE1,Y
Nemona,champion,SPECIES_ROCKRUFF,PENDING_PHASE1,Y
Nemona,champion,SPECIES_ROWLET,PENDING_PHASE1,Y
Nemona,champion,SPECIES_SCREAM_TAIL,PENDING_PHASE1,Y
Nemona,champion,SPECIES_SMOLIV,PENDING_PHASE1,Y
Nemona,champion,SPECIES_SPRIGATITO,PENDING_PHASE1,Y
Nemona,champion,SPECIES_TAUROS,PENDING_PHASE1,Y
Nemona,champion,SPECIES_WATTREL,PENDING_PHASE1,Y
Nessa,gymleader,SPECIES_ARROKUDA,PENDING_PHASE1,Y
Nessa,gymleader,SPECIES_CHEWTLE,PENDING_PHASE1,Y
Nessa,gymleader,SPECIES_EISCUE_ICE,PENDING_PHASE1,Y
Nessa,gymleader,SPECIES_FEEBAS,PENDING_PHASE1,Y
Nessa,gymleader,SPECIES_GOLDEEN,PENDING_PHASE1,Y
Nessa,gymleader,SPECIES_MAREANIE,PENDING_PHASE1,Y
Nessa,gymleader,SPECIES_WIMPOD,PENDING_PHASE1,Y
Nessa,gymleader,SPECIES_WINGULL,PENDING_PHASE1,Y
Nessa,gymleader,SPECIES_WOOPER,PENDING_PHASE1,Y
Noland,frontier,SPECIES_ARON,PENDING_PHASE1,Y
Noland,frontier,SPECIES_ARTICUNO,PENDING_PHASE1,Y
Noland,frontier,SPECIES_BULBASAUR,PENDING_PHASE1,Y
Noland,frontier,SPECIES_ELECTRIKE,PENDING_PHASE1,Y
Noland,frontier,SPECIES_MACHOP,PENDING_PHASE1,Y
Noland,frontier,SPECIES_MAWILE,PENDING_PHASE1,Y
Noland,frontier,SPECIES_NINCADA,PENDING_PHASE1,Y
Noland,frontier,SPECIES_NUMEL,PENDING_PHASE1,Y
Noland,frontier,SPECIES_PINSIR,PENDING_PHASE1,Y
Noland,frontier,SPECIES_PSYDUCK,PENDING_PHASE1,Y
Noland,frontier,SPECIES_RHYHORN,PENDING_PHASE1,Y
Noland,frontier,SPECIES_SANDSHREW,PENDING_PHASE1,Y
Noland,frontier,SPECIES_SHROOMISH,PENDING_PHASE1,Y
Noland,frontier,SPECIES_SMEARGLE,PENDING_PHASE1,Y
Noland,frontier,SPECIES_TRAPINCH,PENDING_PHASE1,Y
Norman,gymleader,SPECIES_AIPOM,PENDING_PHASE1,Y
Norman,gymleader,SPECIES_BOUFFALANT,PENDING_PHASE1,Y
Norman,gymleader,SPECIES_CASTFORM_NORMAL,PENDING_PHASE1,Y
Norman,gymleader,SPECIES_DEERLING_SPRING,PENDING_PHASE1,Y
Norman,gymleader,SPECIES_HAPPINY,PENDING_PHASE1,Y
Norman,gymleader,SPECIES_KANGASKHAN,PENDING_PHASE1,Y
Norman,gymleader,SPECIES_KECLEON,PENDING_PHASE1,Y
Norman,gymleader,SPECIES_LILLIPUP,PENDING_PHASE1,Y
Norman,gymleader,SPECIES_SLAKOTH,PENDING_PHASE1,Y
Norman,gymleader,SPECIES_SPINDA,PENDING_PHASE1,Y
Norman,gymleader,SPECIES_STARLY,PENDING_PHASE1,Y
Norman,gymleader,SPECIES_TAUROS,PENDING_PHASE1,Y
Norman,gymleader,SPECIES_WHISMUR,PENDING_PHASE1,Y
Norman,gymleader,SPECIES_ZANGOOSE,PENDING_PHASE1,Y
Norman,gymleader,SPECIES_ZIGZAGOON,PENDING_PHASE1,Y
Oak,professor,SPECIES_BELLSPROUT,PENDING_PHASE1,Y
Oak,professor,SPECIES_BULBASAUR,PENDING_PHASE1,Y
Oak,professor,SPECIES_CATERPIE,PENDING_PHASE1,Y
Oak,professor,SPECIES_CHARMANDER,PENDING_PHASE1,Y
Oak,professor,SPECIES_CORSOLA,PENDING_PHASE1,Y
Oak,professor,SPECIES_CUBONE,PENDING_PHASE1,Y
Oak,professor,SPECIES_DIGLETT,PENDING_PHASE1,Y
Oak,professor,SPECIES_DODUO,PENDING_PHASE1,Y
Oak,professor,SPECIES_DRATINI,PENDING_PHASE1,Y
Oak,professor,SPECIES_EEVEE,PENDING_PHASE1,Y
Oak,professor,SPECIES_EXEGGCUTE,PENDING_PHASE1,Y
Oak,professor,SPECIES_GEODUDE,PENDING_PHASE1,Y
Oak,professor,SPECIES_GOLDEEN,PENDING_PHASE1,Y
Oak,professor,SPECIES_GRIMER,PENDING_PHASE1,Y
Oak,professor,SPECIES_GROWLITHE,PENDING_PHASE1,Y
Oak,professor,SPECIES_HOOTHOOT,PENDING_PHASE1,Y
Oak,professor,SPECIES_HOPPIP,PENDING_PHASE1,Y
Oak,professor,SPECIES_HORSEA,PENDING_PHASE1,Y
Oak,professor,SPECIES_KRABBY,PENDING_PHASE1,Y
Oak,professor,SPECIES_MAGIKARP,PENDING_PHASE1,Y
Oak,professor,SPECIES_MANKEY,PENDING_PHASE1,Y
Oak,professor,SPECIES_MEW,PENDING_PHASE1,Y
Oak,professor,SPECIES_MUNCHLAX,PENDING_PHASE1,Y
Oak,professor,SPECIES_NIDORAN_F,PENDING_PHASE1,Y
Oak,professor,SPECIES_NIDORAN_M,PENDING_PHASE1,Y
Oak,professor,SPECIES_ODDISH,PENDING_PHASE1,Y
Oak,professor,SPECIES_ONIX,PENDING_PHASE1,Y
Oak,professor,SPECIES_PARAS,PENDING_PHASE1,Y
Oak,professor,SPECIES_PICHU,PENDING_PHASE1,Y
Oak,professor,SPECIES_PIDGEY,PENDING_PHASE1,Y
Oak,professor,SPECIES_PIDOVE,PENDING_PHASE1,Y
Oak,professor,SPECIES_POLIWAG,PENDING_PHASE1,Y
Oak,professor,SPECIES_PONYTA,PENDING_PHASE1,Y
Oak,professor,SPECIES_PSYDUCK,PENDING_PHASE1,Y
Oak,professor,SPECIES_RATTATA,PENDING_PHASE1,Y
Oak,professor,SPECIES_RHYHORN,PENDING_PHASE1,Y
Oak,professor,SPECIES_ROTOM,PENDING_PHASE1,Y
Oak,professor,SPECIES_SANDSHREW,PENDING_PHASE1,Y
Oak,professor,SPECIES_SEEL,PENDING_PHASE1,Y
Oak,professor,SPECIES_SLOWPOKE,PENDING_PHASE1,Y
Oak,professor,SPECIES_SPEAROW,PENDING_PHASE1,Y
Oak,professor,SPECIES_SQUIRTLE,PENDING_PHASE1,Y
Oak,professor,SPECIES_STARLY,PENDING_PHASE1,Y
Oak,professor,SPECIES_STARYU,PENDING_PHASE1,Y
Oak,professor,SPECIES_TAILLOW,PENDING_PHASE1,Y
Oak,professor,SPECIES_TANGELA,PENDING_PHASE1,Y
Oak,professor,SPECIES_TENTACOOL,PENDING_PHASE1,Y
Oak,professor,SPECIES_VOLTORB,PENDING_PHASE1,Y
Oak,professor,SPECIES_VULPIX,PENDING_PHASE1,Y
Oak,professor,SPECIES_WEEDLE,PENDING_PHASE1,Y
Oak,professor,SPECIES_WOOPER,PENDING_PHASE1,Y
Olivia,gymleader,SPECIES_ANORITH,PENDING_PHASE1,Y
Olivia,gymleader,SPECIES_CARBINK,PENDING_PHASE1,Y
Olivia,gymleader,SPECIES_GEODUDE,PENDING_PHASE1,Y
Olivia,gymleader,SPECIES_LILEEP,PENDING_PHASE1,Y
Olivia,gymleader,SPECIES_NOSEPASS,PENDING_PHASE1,Y
Olivia,gymleader,SPECIES_RELICANTH,PENDING_PHASE1,Y
Olivia,gymleader,SPECIES_ROCKRUFF,PENDING_PHASE1,Y
Olivia,gymleader,SPECIES_ROGGENROLA,PENDING_PHASE1,Y
Olivia,gymleader,SPECIES_STUFFUL,PENDING_PHASE1,Y
Opal,gymleader,SPECIES_ALCREMIE_GMAX,PENDING_PHASE1,Y
Opal,gymleader,SPECIES_KOFFING,PENDING_PHASE1,Y
Opal,gymleader,SPECIES_MAWILE,PENDING_PHASE1,Y
Opal,gymleader,SPECIES_TOGEPI,PENDING_PHASE1,Y
Palmer,frontier,SPECIES_CRANIDOS,PENDING_PHASE1,Y
Palmer,frontier,SPECIES_CRESSELIA,PENDING_PHASE1,Y
Palmer,frontier,SPECIES_DRATINI,PENDING_PHASE1,Y
Palmer,frontier,SPECIES_FEEBAS,PENDING_PHASE1,Y
Palmer,frontier,SPECIES_HEATRAN,PENDING_PHASE1,Y
Palmer,frontier,SPECIES_REGIGIGAS,PENDING_PHASE1,Y
Palmer,frontier,SPECIES_RHYHORN,PENDING_PHASE1,Y
Paul,anime,SPECIES_ARON,PENDING_PHASE1,Y
Paul,anime,SPECIES_AZURILL,PENDING_PHASE1,Y
Paul,anime,SPECIES_BELDUM,PENDING_PHASE1,Y
Paul,anime,SPECIES_CHIMCHAR,PENDING_PHASE1,Y
Paul,anime,SPECIES_ELEKID,PENDING_PHASE1,Y
Paul,anime,SPECIES_GIBLE,PENDING_PHASE1,Y
Paul,anime,SPECIES_GLIGAR,PENDING_PHASE1,Y
Paul,anime,SPECIES_MAGBY,PENDING_PHASE1,Y
Paul,anime,SPECIES_MAGIKARP,PENDING_PHASE1,Y
Paul,anime,SPECIES_MAKUHITA,PENDING_PHASE1,Y
Paul,anime,SPECIES_MURKROW,PENDING_PHASE1,Y
Paul,anime,SPECIES_NIDORAN_M,PENDING_PHASE1,Y
Paul,anime,SPECIES_NINCADA,PENDING_PHASE1,Y
Paul,anime,SPECIES_SHELLOS_WEST,PENDING_PHASE1,Y
Paul,anime,SPECIES_SKORUPI,PENDING_PHASE1,Y
Paul,anime,SPECIES_SNEASEL,PENDING_PHASE1,Y
Paul,anime,SPECIES_SNORUNT,PENDING_PHASE1,Y
Paul,anime,SPECIES_STANTLER,PENDING_PHASE1,Y
Paul,anime,SPECIES_STARLY,PENDING_PHASE1,Y
Paul,anime,SPECIES_TEDDIURSA,PENDING_PHASE1,Y
Paul,anime,SPECIES_TURTWIG,PENDING_PHASE1,Y
Penny,rival,SPECIES_EEVEE,PENDING_PHASE1,Y
Phoebe,elite4,SPECIES_DRIFLOON,PENDING_PHASE1,Y
Phoebe,elite4,SPECIES_DUSKULL,PENDING_PHASE1,Y
Phoebe,elite4,SPECIES_LITWICK,PENDING_PHASE1,Y
Phoebe,elite4,SPECIES_MISDREAVUS,PENDING_PHASE1,Y
Phoebe,elite4,SPECIES_REGICE,PENDING_PHASE1,Y
Phoebe,elite4,SPECIES_SABLEYE,PENDING_PHASE1,Y
Phoebe,elite4,SPECIES_SHUPPET,PENDING_PHASE1,Y
Phoebe,elite4,SPECIES_YAMASK,PENDING_PHASE1,Y
Plumeria,villain,SPECIES_COSMOG,PENDING_PHASE1,Y
Plumeria,villain,SPECIES_FOMANTIS,PENDING_PHASE1,Y
Plumeria,villain,SPECIES_GASTLY,PENDING_PHASE1,Y
Plumeria,villain,SPECIES_GRIMER,PENDING_PHASE1,Y
Plumeria,villain,SPECIES_MAREANIE,PENDING_PHASE1,Y
Plumeria,villain,SPECIES_SALANDIT,PENDING_PHASE1,Y
Plumeria,villain,SPECIES_ZUBAT,PENDING_PHASE1,Y
Poppy,elite4,SPECIES_BRONZOR,PENDING_PHASE1,Y
Poppy,elite4,SPECIES_CUFANT,PENDING_PHASE1,Y
Poppy,elite4,SPECIES_IRON_TREADS,PENDING_PHASE1,Y
Poppy,elite4,SPECIES_MAGNEMITE,PENDING_PHASE1,Y
Poppy,elite4,SPECIES_ROOKIDEE,PENDING_PHASE1,Y
Poppy,elite4,SPECIES_SHIELDON,PENDING_PHASE1,Y
Poppy,elite4,SPECIES_TINKATINK,PENDING_PHASE1,Y
Pryce,gymleader,SPECIES_ARTICUNO,PENDING_PHASE1,Y
Pryce,gymleader,SPECIES_CELEBI,PENDING_PHASE1,Y
Pryce,gymleader,SPECIES_DELIBIRD,PENDING_PHASE1,Y
Pryce,gymleader,SPECIES_GIRAFARIG,PENDING_PHASE1,Y
Pryce,gymleader,SPECIES_LAPRAS,PENDING_PHASE1,Y
Pryce,gymleader,SPECIES_PHANPY,PENDING_PHASE1,Y
Pryce,gymleader,SPECIES_SEEL,PENDING_PHASE1,Y
Pryce,gymleader,SPECIES_SHELLDER,PENDING_PHASE1,Y
Pryce,gymleader,SPECIES_SMOOCHUM,PENDING_PHASE1,Y
Pryce,gymleader,SPECIES_SNEASEL,PENDING_PHASE1,Y
Pryce,gymleader,SPECIES_SNORUNT,PENDING_PHASE1,Y
Pryce,gymleader,SPECIES_SNOVER,PENDING_PHASE1,Y
Pryce,gymleader,SPECIES_SPHEAL,PENDING_PHASE1,Y
Pryce,gymleader,SPECIES_SWINUB,PENDING_PHASE1,Y
Pryce,gymleader,SPECIES_TEDDIURSA,PENDING_PHASE1,Y
Pryce,gymleader,SPECIES_TENTACOOL,PENDING_PHASE1,Y
Pryce,gymleader,SPECIES_TYROGUE,PENDING_PHASE1,Y
Pryce,gymleader,SPECIES_WOOPER,PENDING_PHASE1,Y
Raihan,gymleader,SPECIES_DURALUDON,PENDING_PHASE1,Y
Raihan,gymleader,SPECIES_GOOMY,PENDING_PHASE1,Y
Raihan,gymleader,SPECIES_ROGGENROLA,PENDING_PHASE1,Y
Raihan,gymleader,SPECIES_SILICOBRA,PENDING_PHASE1,Y
Raihan,gymleader,SPECIES_TORKOAL,PENDING_PHASE1,Y
Raihan,gymleader,SPECIES_TRAPINCH,PENDING_PHASE1,Y
Raihan,gymleader,SPECIES_TURTONATOR,PENDING_PHASE1,Y
Ramos,gymleader,SPECIES_BELLSPROUT,PENDING_PHASE1,Y
Ramos,gymleader,SPECIES_EXEGGCUTE,PENDING_PHASE1,Y
Ramos,gymleader,SPECIES_HOPPIP,PENDING_PHASE1,Y
Ramos,gymleader,SPECIES_ODDISH,PENDING_PHASE1,Y
Ramos,gymleader,SPECIES_SKIDDO,PENDING_PHASE1,Y
Ramos,gymleader,SPECIES_SUNKERN,PENDING_PHASE1,Y
Red,protagonist,SPECIES_ARTICUNO,PENDING_PHASE1,Y
Red,protagonist,SPECIES_BELLSPROUT,PENDING_PHASE1,Y
Red,protagonist,SPECIES_BULBASAUR,PENDING_PHASE1,Y
Red,protagonist,SPECIES_CHARMANDER,PENDING_PHASE1,Y
Red,protagonist,SPECIES_CHIKORITA,PENDING_PHASE1,Y
Red,protagonist,SPECIES_CYNDAQUIL,PENDING_PHASE1,Y
Red,protagonist,SPECIES_DODUO,PENDING_PHASE1,Y
Red,protagonist,SPECIES_DRATINI,PENDING_PHASE1,Y
Red,protagonist,SPECIES_EEVEE,PENDING_PHASE1,Y
Red,protagonist,SPECIES_EKANS,PENDING_PHASE1,Y
Red,protagonist,SPECIES_ENTEI,PENDING_PHASE1,Y
Red,protagonist,SPECIES_GASTLY,PENDING_PHASE1,Y
Red,protagonist,SPECIES_GROWLITHE,PENDING_PHASE1,Y
Red,protagonist,SPECIES_HAPPINY,PENDING_PHASE1,Y
Red,protagonist,SPECIES_KABUTO,PENDING_PHASE1,Y
Red,protagonist,SPECIES_LAPRAS,PENDING_PHASE1,Y
Red,protagonist,SPECIES_MACHOP,PENDING_PHASE1,Y
Red,protagonist,SPECIES_MAGIKARP,PENDING_PHASE1,Y
Red,protagonist,SPECIES_MEOWTH,PENDING_PHASE1,Y
Red,protagonist,SPECIES_MEWTWO,PENDING_PHASE1,Y
Red,protagonist,SPECIES_MOLTRES,PENDING_PHASE1,Y
Red,protagonist,SPECIES_MUNCHLAX,PENDING_PHASE1,Y
Red,protagonist,SPECIES_NIDORAN_F,PENDING_PHASE1,Y
Red,protagonist,SPECIES_NIDORAN_M,PENDING_PHASE1,Y
Red,protagonist,SPECIES_PICHU,PENDING_PHASE1,Y
Red,protagonist,SPECIES_PIDGEY,PENDING_PHASE1,Y
Red,protagonist,SPECIES_PONYTA,PENDING_PHASE1,Y
Red,protagonist,SPECIES_PSYDUCK,PENDING_PHASE1,Y
Red,protagonist,SPECIES_RAIKOU,PENDING_PHASE1,Y
Red,protagonist,SPECIES_RATTATA,PENDING_PHASE1,Y
Red,protagonist,SPECIES_SCYTHER,PENDING_PHASE1,Y
Red,protagonist,SPECIES_SPEAROW,PENDING_PHASE1,Y
Red,protagonist,SPECIES_SQUIRTLE,PENDING_PHASE1,Y
Red,protagonist,SPECIES_SUICUNE,PENDING_PHASE1,Y
Red,protagonist,SPECIES_TAUROS,PENDING_PHASE1,Y
Red,protagonist,SPECIES_TENTACOOL,PENDING_PHASE1,Y
Red,protagonist,SPECIES_TOTODILE,PENDING_PHASE1,Y
Red,protagonist,SPECIES_TYROGUE,PENDING_PHASE1,Y
Red,protagonist,SPECIES_ZAPDOS,PENDING_PHASE1,Y
Rika,elite4,SPECIES_BARBOACH,PENDING_PHASE1,Y
Rika,elite4,SPECIES_DIGLETT,PENDING_PHASE1,Y
Rika,elite4,SPECIES_GREAT_TUSK,PENDING_PHASE1,Y
Rika,elite4,SPECIES_NUMEL,PENDING_PHASE1,Y
Rika,elite4,SPECIES_PHANPY,PENDING_PHASE1,Y
Rika,elite4,SPECIES_TURTWIG,PENDING_PHASE1,Y
Rika,elite4,SPECIES_WOOPER,PENDING_PHASE1,Y
Rika,elite4,SPECIES_WOOPER_PALDEA,PENDING_PHASE1,Y
Ritchie,anime,SPECIES_CATERPIE,PENDING_PHASE1,Y
Ritchie,anime,SPECIES_CHARMANDER,PENDING_PHASE1,Y
Ritchie,anime,SPECIES_EEVEE,PENDING_PHASE1,Y
Ritchie,anime,SPECIES_LARVITAR,PENDING_PHASE1,Y
Ritchie,anime,SPECIES_PICHU,PENDING_PHASE1,Y
Ritchie,anime,SPECIES_TAILLOW,PENDING_PHASE1,Y
Roark,gymleader,SPECIES_AERODACTYL,PENDING_PHASE1,Y
Roark,gymleader,SPECIES_ANORITH,PENDING_PHASE1,Y
Roark,gymleader,SPECIES_ARCHEN,PENDING_PHASE1,Y
Roark,gymleader,SPECIES_BAGON,PENDING_PHASE1,Y
Roark,gymleader,SPECIES_BONSLY,PENDING_PHASE1,Y
Roark,gymleader,SPECIES_CRANIDOS,PENDING_PHASE1,Y
Roark,gymleader,SPECIES_DWEBBLE,PENDING_PHASE1,Y
Roark,gymleader,SPECIES_GEODUDE,PENDING_PHASE1,Y
Roark,gymleader,SPECIES_LARVITAR,PENDING_PHASE1,Y
Roark,gymleader,SPECIES_LUNATONE,PENDING_PHASE1,Y
Roark,gymleader,SPECIES_NOSEPASS,PENDING_PHASE1,Y
Roark,gymleader,SPECIES_ONIX,PENDING_PHASE1,Y
Roark,gymleader,SPECIES_RELICANTH,PENDING_PHASE1,Y
Roark,gymleader,SPECIES_SLOWPOKE,PENDING_PHASE1,Y
Roark,gymleader,SPECIES_TORKOAL,PENDING_PHASE1,Y
Rose,villain,SPECIES_CUFANT,PENDING_PHASE1,Y
Rose,villain,SPECIES_ETERNATUS,PENDING_PHASE1,Y
Rose,villain,SPECIES_FERROSEED,PENDING_PHASE1,Y
Rose,villain,SPECIES_HATENNA,PENDING_PHASE1,Y
Rose,villain,SPECIES_KARRABLAST,PENDING_PHASE1,Y
Rose,villain,SPECIES_KLINK,PENDING_PHASE1,Y
Rose,villain,SPECIES_MEOWTH_GALAR,PENDING_PHASE1,Y
Rowan,professor,SPECIES_CHIMCHAR,PENDING_PHASE1,Y
Rowan,professor,SPECIES_KRICKETOT,PENDING_PHASE1,Y
Rowan,professor,SPECIES_PIPLUP,PENDING_PHASE1,Y
Rowan,professor,SPECIES_SHINX,PENDING_PHASE1,Y
Rowan,professor,SPECIES_STARLY,PENDING_PHASE1,Y
Rowan,professor,SPECIES_TURTWIG,PENDING_PHASE1,Y
Roxanne,gymleader,SPECIES_AERODACTYL,PENDING_PHASE1,Y
Roxanne,gymleader,SPECIES_ANORITH,PENDING_PHASE1,Y
Roxanne,gymleader,SPECIES_ARON,PENDING_PHASE1,Y
Roxanne,gymleader,SPECIES_GEODUDE,PENDING_PHASE1,Y
Roxanne,gymleader,SPECIES_KABUTO,PENDING_PHASE1,Y
Roxanne,gymleader,SPECIES_LILEEP,PENDING_PHASE1,Y
Roxanne,gymleader,SPECIES_NOSEPASS,PENDING_PHASE1,Y
Roxanne,gymleader,SPECIES_OMANYTE,PENDING_PHASE1,Y
Roxanne,gymleader,SPECIES_ONIX,PENDING_PHASE1,Y
Roxanne,gymleader,SPECIES_RELICANTH,PENDING_PHASE1,Y
Roxanne,gymleader,SPECIES_TIRTOUGA,PENDING_PHASE1,Y
Roxanne,gymleader,SPECIES_YAMASK_GALAR,PENDING_PHASE1,Y
Roxie,gymleader,SPECIES_CROAGUNK,PENDING_PHASE1,Y
Roxie,gymleader,SPECIES_FOONGUS,PENDING_PHASE1,Y
Roxie,gymleader,SPECIES_GRIMER,PENDING_PHASE1,Y
Roxie,gymleader,SPECIES_KOFFING,PENDING_PHASE1,Y
Roxie,gymleader,SPECIES_SEVIPER,PENDING_PHASE1,Y
Roxie,gymleader,SPECIES_SKORUPI,PENDING_PHASE1,Y
Roxie,gymleader,SPECIES_TOXEL,PENDING_PHASE1,Y
Roxie,gymleader,SPECIES_TRUBBISH,PENDING_PHASE1,Y
Roxie,gymleader,SPECIES_VENIPEDE,PENDING_PHASE1,Y
Roxie,gymleader,SPECIES_ZUBAT,PENDING_PHASE1,Y
Ryme,gymleader,SPECIES_GOLETT,PENDING_PHASE1,Y
Ryme,gymleader,SPECIES_GREAVARD,PENDING_PHASE1,Y
Ryme,gymleader,SPECIES_MIMIKYU_DISGUISED,PENDING_PHASE1,Y
Ryme,gymleader,SPECIES_SHUPPET,PENDING_PHASE1,Y
Ryme,gymleader,SPECIES_SPIRITOMB,PENDING_PHASE1,Y
Ryme,gymleader,SPECIES_TOXEL,PENDING_PHASE1,Y
Sabrina,gymleader,SPECIES_ABRA,PENDING_PHASE1,Y
Sabrina,gymleader,SPECIES_BELDUM,PENDING_PHASE1,Y
Sabrina,gymleader,SPECIES_CHINGLING,PENDING_PHASE1,Y
Sabrina,gymleader,SPECIES_CYNDAQUIL,PENDING_PHASE1,Y
Sabrina,gymleader,SPECIES_DROWZEE,PENDING_PHASE1,Y
Sabrina,gymleader,SPECIES_EEVEE,PENDING_PHASE1,Y
Sabrina,gymleader,SPECIES_EXEGGCUTE,PENDING_PHASE1,Y
Sabrina,gymleader,SPECIES_GASTLY,PENDING_PHASE1,Y
Sabrina,gymleader,SPECIES_IGGLYBUFF,PENDING_PHASE1,Y
Sabrina,gymleader,SPECIES_MEWTWO,PENDING_PHASE1,Y
Sabrina,gymleader,SPECIES_MIME_JR,PENDING_PHASE1,Y
Sabrina,gymleader,SPECIES_MOLTRES,PENDING_PHASE1,Y
Sabrina,gymleader,SPECIES_MUNCHLAX,PENDING_PHASE1,Y
Sabrina,gymleader,SPECIES_RALTS,PENDING_PHASE1,Y
Sabrina,gymleader,SPECIES_SANDSHREW,PENDING_PHASE1,Y
Sabrina,gymleader,SPECIES_SCYTHER,PENDING_PHASE1,Y
Sabrina,gymleader,SPECIES_SENTRET,PENDING_PHASE1,Y
Sabrina,gymleader,SPECIES_SIGILYPH,PENDING_PHASE1,Y
Sabrina,gymleader,SPECIES_SLOWPOKE,PENDING_PHASE1,Y
Sabrina,gymleader,SPECIES_SMOOCHUM,PENDING_PHASE1,Y
Sabrina,gymleader,SPECIES_TYROGUE,PENDING_PHASE1,Y
Sabrina,gymleader,SPECIES_VENONAT,PENDING_PHASE1,Y
Sabrina,gymleader,SPECIES_WOOBAT,PENDING_PHASE1,Y
Sabrina,gymleader,SPECIES_WYNAUT,PENDING_PHASE1,Y
Sada,professor,SPECIES_BRUTE_BONNET,PENDING_PHASE1,Y
Sada,professor,SPECIES_FLUTTER_MANE,PENDING_PHASE1,Y
Sada,professor,SPECIES_GOUGING_FIRE,PENDING_PHASE1,Y
Sada,professor,SPECIES_GREAT_TUSK,PENDING_PHASE1,Y
Sada,professor,SPECIES_KORAIDON,PENDING_PHASE1,Y
Sada,professor,SPECIES_RAGING_BOLT,PENDING_PHASE1,Y
Sada,professor,SPECIES_ROARING_MOON,PENDING_PHASE1,Y
Sada,professor,SPECIES_SANDY_SHOCKS,PENDING_PHASE1,Y
Sada,professor,SPECIES_SCREAM_TAIL,PENDING_PHASE1,Y
Sada,professor,SPECIES_SLITHER_WING,PENDING_PHASE1,Y
Sada,professor,SPECIES_WALKING_WAKE,PENDING_PHASE1,Y
Samson Oak,professor,SPECIES_CUBONE,PENDING_PHASE1,Y
Samson Oak,professor,SPECIES_CUTIEFLY,PENDING_PHASE1,Y
Samson Oak,professor,SPECIES_DEWPIDER,PENDING_PHASE1,Y
Samson Oak,professor,SPECIES_EXEGGCUTE,PENDING_PHASE1,Y
Samson Oak,professor,SPECIES_FOMANTIS,PENDING_PHASE1,Y
Samson Oak,professor,SPECIES_GEODUDE,PENDING_PHASE1,Y
Samson Oak,professor,SPECIES_GRUBBIN,PENDING_PHASE1,Y
Samson Oak,professor,SPECIES_JANGMO_O,PENDING_PHASE1,Y
Samson Oak,professor,SPECIES_KOMALA,PENDING_PHASE1,Y
Samson Oak,professor,SPECIES_MIMIKYU_DISGUISED,PENDING_PHASE1,Y
Samson Oak,professor,SPECIES_RATTATA,PENDING_PHASE1,Y
Samson Oak,professor,SPECIES_SALANDIT,PENDING_PHASE1,Y
Samson Oak,professor,SPECIES_TOGEDEMARU,PENDING_PHASE1,Y
Samson Oak,professor,SPECIES_VULPIX,PENDING_PHASE1,Y
Samson Oak,professor,SPECIES_YUNGOOS,PENDING_PHASE1,Y
Saturn,villain,SPECIES_ABRA,PENDING_PHASE1,Y
Saturn,villain,SPECIES_ABSOL,PENDING_PHASE1,Y
Saturn,villain,SPECIES_BRONZOR,PENDING_PHASE1,Y
Saturn,villain,SPECIES_CARVANHA,PENDING_PHASE1,Y
Saturn,villain,SPECIES_CROAGUNK,PENDING_PHASE1,Y
Saturn,villain,SPECIES_HEATRAN,PENDING_PHASE1,Y
Saturn,villain,SPECIES_LARVITAR,PENDING_PHASE1,Y
Saturn,villain,SPECIES_MAGBY,PENDING_PHASE1,Y
Saturn,villain,SPECIES_RALTS,PENDING_PHASE1,Y
Saturn,villain,SPECIES_REMORAID,PENDING_PHASE1,Y
Saturn,villain,SPECIES_RHYHORN,PENDING_PHASE1,Y
Saturn,villain,SPECIES_SABLEYE,PENDING_PHASE1,Y
Saturn,villain,SPECIES_STUNKY,PENDING_PHASE1,Y
Saturn,villain,SPECIES_ZUBAT,PENDING_PHASE1,Y
Sawyer,anime,SPECIES_BAGON,PENDING_PHASE1,Y
Sawyer,anime,SPECIES_CLAUNCHER,PENDING_PHASE1,Y
Sawyer,anime,SPECIES_HONEDGE,PENDING_PHASE1,Y
Sawyer,anime,SPECIES_SLAKOTH,PENDING_PHASE1,Y
Sawyer,anime,SPECIES_SWIRLIX,PENDING_PHASE1,Y
Sawyer,anime,SPECIES_TREECKO,PENDING_PHASE1,Y
Selene,protagonist,SPECIES_BUZZWOLE,PENDING_PHASE1,Y
Selene,protagonist,SPECIES_CELESTEELA,PENDING_PHASE1,Y
Selene,protagonist,SPECIES_COSMOG,PENDING_PHASE1,Y
Selene,protagonist,SPECIES_EEVEE,PENDING_PHASE1,Y
Selene,protagonist,SPECIES_GUZZLORD,PENDING_PHASE1,Y
Selene,protagonist,SPECIES_KARTANA,PENDING_PHASE1,Y
Selene,protagonist,SPECIES_LITTEN,PENDING_PHASE1,Y
Selene,protagonist,SPECIES_NECROZMA,PENDING_PHASE1,Y
Selene,protagonist,SPECIES_NIHILEGO,PENDING_PHASE1,Y
Selene,protagonist,SPECIES_PHEROMOSA,PENDING_PHASE1,Y
Selene,protagonist,SPECIES_POPPLIO,PENDING_PHASE1,Y
Selene,protagonist,SPECIES_ROTOM,PENDING_PHASE1,Y
Selene,protagonist,SPECIES_ROWLET,PENDING_PHASE1,Y
Selene,protagonist,SPECIES_SCYTHER,PENDING_PHASE1,Y
Selene,protagonist,SPECIES_TYPE_NULL,PENDING_PHASE1,Y
Selene,protagonist,SPECIES_XURKITREE,PENDING_PHASE1,Y
Serena,protagonist,SPECIES_ABSOL,PENDING_PHASE1,Y
Serena,protagonist,SPECIES_BUNNELBY,PENDING_PHASE1,Y
Serena,protagonist,SPECIES_CHESPIN,PENDING_PHASE1,Y
Serena,protagonist,SPECIES_CLEFFA,PENDING_PHASE1,Y
Serena,protagonist,SPECIES_COTTONEE,PENDING_PHASE1,Y
Serena,protagonist,SPECIES_EEVEE,PENDING_PHASE1,Y
Serena,protagonist,SPECIES_ESPURR,PENDING_PHASE1,Y
Serena,protagonist,SPECIES_FENNEKIN,PENDING_PHASE1,Y
Serena,protagonist,SPECIES_FLETCHLING,PENDING_PHASE1,Y
Serena,protagonist,SPECIES_FROAKIE,PENDING_PHASE1,Y
Serena,protagonist,SPECIES_PANCHAM,PENDING_PHASE1,Y
Serena,protagonist,SPECIES_SWABLU,PENDING_PHASE1,Y
Serena,protagonist,SPECIES_XERNEAS_NEUTRAL,PENDING_PHASE1,Y
Serena,protagonist,SPECIES_YVELTAL,PENDING_PHASE1,Y
Serena,protagonist,SPECIES_ZYGARDE_50,PENDING_PHASE1,Y
Shauna,rival,SPECIES_BULBASAUR,PENDING_PHASE1,Y
Shauna,rival,SPECIES_CHESPIN,PENDING_PHASE1,Y
Shauna,rival,SPECIES_EEVEE,PENDING_PHASE1,Y
Shauna,rival,SPECIES_FENNEKIN,PENDING_PHASE1,Y
Shauna,rival,SPECIES_FLABEBE,PENDING_PHASE1,Y
Shauna,rival,SPECIES_FROAKIE,PENDING_PHASE1,Y
Shauna,rival,SPECIES_FURFROU,PENDING_PHASE1,Y
Shauna,rival,SPECIES_GOOMY,PENDING_PHASE1,Y
Shauna,rival,SPECIES_GOTHITA,PENDING_PHASE1,Y
Shauna,rival,SPECIES_KLEFKI,PENDING_PHASE1,Y
Shauna,rival,SPECIES_SKITTY,PENDING_PHASE1,Y
Shauna,rival,SPECIES_SWIRLIX,PENDING_PHASE1,Y
Shauntal,elite4,SPECIES_DRIFLOON,PENDING_PHASE1,Y
Shauntal,elite4,SPECIES_FRILLISH,PENDING_PHASE1,Y
Shauntal,elite4,SPECIES_GASTLY,PENDING_PHASE1,Y
Shauntal,elite4,SPECIES_GOLETT,PENDING_PHASE1,Y
Shauntal,elite4,SPECIES_LITWICK,PENDING_PHASE1,Y
Shauntal,elite4,SPECIES_MISDREAVUS,PENDING_PHASE1,Y
Shauntal,elite4,SPECIES_SHUPPET,PENDING_PHASE1,Y
Shauntal,elite4,SPECIES_SNORUNT,PENDING_PHASE1,Y
Shauntal,elite4,SPECIES_YAMASK,PENDING_PHASE1,Y
Sidney,elite4,SPECIES_ABSOL,PENDING_PHASE1,Y
Sidney,elite4,SPECIES_CACNEA,PENDING_PHASE1,Y
Sidney,elite4,SPECIES_CARVANHA,PENDING_PHASE1,Y
Sidney,elite4,SPECIES_CORPHISH,PENDING_PHASE1,Y
Sidney,elite4,SPECIES_POOCHYENA,PENDING_PHASE1,Y
Sidney,elite4,SPECIES_REGIROCK,PENDING_PHASE1,Y
Sidney,elite4,SPECIES_SCRAGGY,PENDING_PHASE1,Y
Sidney,elite4,SPECIES_SEEDOT,PENDING_PHASE1,Y
Sidney,elite4,SPECIES_VULLABY,PENDING_PHASE1,Y
Sidney,elite4,SPECIES_ZANGOOSE,PENDING_PHASE1,Y
Sidney,elite4,SPECIES_ZORUA,PENDING_PHASE1,Y
Siebold,elite4,SPECIES_BINACLE,PENDING_PHASE1,Y
Siebold,elite4,SPECIES_CLAUNCHER,PENDING_PHASE1,Y
Siebold,elite4,SPECIES_MAGIKARP,PENDING_PHASE1,Y
Siebold,elite4,SPECIES_REMORAID,PENDING_PHASE1,Y
Siebold,elite4,SPECIES_SQUIRTLE,PENDING_PHASE1,Y
Siebold,elite4,SPECIES_STARYU,PENDING_PHASE1,Y
Silver,rival,SPECIES_ABRA,PENDING_PHASE1,Y
Silver,rival,SPECIES_CHIKORITA,PENDING_PHASE1,Y
Silver,rival,SPECIES_CYNDAQUIL,PENDING_PHASE1,Y
Silver,rival,SPECIES_GASTLY,PENDING_PHASE1,Y
Silver,rival,SPECIES_HO_OH,PENDING_PHASE1,Y
Silver,rival,SPECIES_LARVITAR,PENDING_PHASE1,Y
Silver,rival,SPECIES_LUGIA,PENDING_PHASE1,Y
Silver,rival,SPECIES_MAGNEMITE,PENDING_PHASE1,Y
Silver,rival,SPECIES_MEWTWO,PENDING_PHASE1,Y
Silver,rival,SPECIES_NIDORAN_M,PENDING_PHASE1,Y
Silver,rival,SPECIES_SNEASEL,PENDING_PHASE1,Y
Silver,rival,SPECIES_TOTODILE,PENDING_PHASE1,Y
Silver,rival,SPECIES_ZUBAT,PENDING_PHASE1,Y
Skyla,gymleader,SPECIES_ARCHEN,PENDING_PHASE1,Y
Skyla,gymleader,SPECIES_DRIFLOON,PENDING_PHASE1,Y
Skyla,gymleader,SPECIES_DUCKLETT,PENDING_PHASE1,Y
Skyla,gymleader,SPECIES_HOPPIP,PENDING_PHASE1,Y
Skyla,gymleader,SPECIES_PIDOVE,PENDING_PHASE1,Y
Skyla,gymleader,SPECIES_RUFFLET,PENDING_PHASE1,Y
Skyla,gymleader,SPECIES_SIGILYPH,PENDING_PHASE1,Y
Skyla,gymleader,SPECIES_SKARMORY,PENDING_PHASE1,Y
Skyla,gymleader,SPECIES_TOGEPI,PENDING_PHASE1,Y
Skyla,gymleader,SPECIES_TORNADUS_INCARNATE,PENDING_PHASE1,Y
Skyla,gymleader,SPECIES_VULLABY,PENDING_PHASE1,Y
Skyla,gymleader,SPECIES_WOOBAT,PENDING_PHASE1,Y
Sonia,professor,SPECIES_BOUNSWEET,PENDING_PHASE1,Y
Sonia,professor,SPECIES_ROOKIDEE,PENDING_PHASE1,Y
Sonia,professor,SPECIES_ROTOM,PENDING_PHASE1,Y
Sonia,professor,SPECIES_YAMPER,PENDING_PHASE1,Y
Sophocles,anime,SPECIES_ELEKID,PENDING_PHASE1,Y
Sophocles,anime,SPECIES_GEODUDE,PENDING_PHASE1,Y
Sophocles,anime,SPECIES_GRUBBIN,PENDING_PHASE1,Y
Sophocles,anime,SPECIES_MAGNEMITE,PENDING_PHASE1,Y
Sophocles,anime,SPECIES_TOGEDEMARU,PENDING_PHASE1,Y
Spenser,frontier,SPECIES_AZURILL,PENDING_PHASE1,Y
Spenser,frontier,SPECIES_BALTOY,PENDING_PHASE1,Y
Spenser,frontier,SPECIES_BULBASAUR,PENDING_PHASE1,Y
Spenser,frontier,SPECIES_DUSKULL,PENDING_PHASE1,Y
Spenser,frontier,SPECIES_GROWLITHE,PENDING_PHASE1,Y
Spenser,frontier,SPECIES_HAPPINY,PENDING_PHASE1,Y
Spenser,frontier,SPECIES_LAPRAS,PENDING_PHASE1,Y
Spenser,frontier,SPECIES_SEEDOT,PENDING_PHASE1,Y
Spenser,frontier,SPECIES_SLAKOTH,PENDING_PHASE1,Y
Spenser,frontier,SPECIES_SUICUNE,PENDING_PHASE1,Y
Spenser,frontier,SPECIES_ZUBAT,PENDING_PHASE1,Y
Steven,champion,SPECIES_AERODACTYL,PENDING_PHASE1,Y
Steven,champion,SPECIES_ANORITH,PENDING_PHASE1,Y
Steven,champion,SPECIES_ARCHEN,PENDING_PHASE1,Y
Steven,champion,SPECIES_ARON,PENDING_PHASE1,Y
Steven,champion,SPECIES_BALTOY,PENDING_PHASE1,Y
Steven,champion,SPECIES_BELDUM,PENDING_PHASE1,Y
Steven,champion,SPECIES_CARBINK,PENDING_PHASE1,Y
Steven,champion,SPECIES_DEOXYS_NORMAL,PENDING_PHASE1,Y
Steven,champion,SPECIES_DRILBUR,PENDING_PHASE1,Y
Steven,champion,SPECIES_LILEEP,PENDING_PHASE1,Y
Steven,champion,SPECIES_LILLIPUP,PENDING_PHASE1,Y
Steven,champion,SPECIES_MUDKIP,PENDING_PHASE1,Y
Steven,champion,SPECIES_RAYQUAZA,PENDING_PHASE1,Y
Steven,champion,SPECIES_REGISTEEL,PENDING_PHASE1,Y
Steven,champion,SPECIES_SANDSHREW,PENDING_PHASE1,Y
Steven,champion,SPECIES_SKARMORY,PENDING_PHASE1,Y
Steven,champion,SPECIES_TORCHIC,PENDING_PHASE1,Y
Steven,champion,SPECIES_TREECKO,PENDING_PHASE1,Y
Sycamore,professor,SPECIES_AZURILL,PENDING_PHASE1,Y
Sycamore,professor,SPECIES_BULBASAUR,PENDING_PHASE1,Y
Sycamore,professor,SPECIES_CATERPIE,PENDING_PHASE1,Y
Sycamore,professor,SPECIES_CHARMANDER,PENDING_PHASE1,Y
Sycamore,professor,SPECIES_CHESPIN,PENDING_PHASE1,Y
Sycamore,professor,SPECIES_COMBEE,PENDING_PHASE1,Y
Sycamore,professor,SPECIES_FENNEKIN,PENDING_PHASE1,Y
Sycamore,professor,SPECIES_FLETCHLING,PENDING_PHASE1,Y
Sycamore,professor,SPECIES_FROAKIE,PENDING_PHASE1,Y
Sycamore,professor,SPECIES_GIBLE,PENDING_PHASE1,Y
Sycamore,professor,SPECIES_HELIOPTILE,PENDING_PHASE1,Y
Sycamore,professor,SPECIES_PSYDUCK,PENDING_PHASE1,Y
Sycamore,professor,SPECIES_SKIDDO,PENDING_PHASE1,Y
Sycamore,professor,SPECIES_SQUIRTLE,PENDING_PHASE1,Y
Sycamore,professor,SPECIES_WEEDLE,PENDING_PHASE1,Y
Sycamore,professor,SPECIES_XERNEAS_NEUTRAL,PENDING_PHASE1,Y
Sycamore,professor,SPECIES_ZIGZAGOON,PENDING_PHASE1,Y
Tate,gymleader,SPECIES_BALTOY,PENDING_PHASE1,Y
Tate,gymleader,SPECIES_BRONZOR,PENDING_PHASE1,Y
Tate,gymleader,SPECIES_CHINGLING,PENDING_PHASE1,Y
Tate,gymleader,SPECIES_DROWZEE,PENDING_PHASE1,Y
Tate,gymleader,SPECIES_JIRACHI,PENDING_PHASE1,Y
Tate,gymleader,SPECIES_NATU,PENDING_PHASE1,Y
Tate,gymleader,SPECIES_RALTS,PENDING_PHASE1,Y
Tate,gymleader,SPECIES_SLOWPOKE,PENDING_PHASE1,Y
Tate,gymleader,SPECIES_SOLOSIS,PENDING_PHASE1,Y
Tate,gymleader,SPECIES_SOLROCK,PENDING_PHASE1,Y
Tate,gymleader,SPECIES_SPOINK,PENDING_PHASE1,Y
Tobias,anime,SPECIES_DARKRAI,PENDING_PHASE1,Y
Tobias,anime,SPECIES_LATIOS,PENDING_PHASE1,Y
Tracey,anime,SPECIES_AZURILL,PENDING_PHASE1,Y
Tracey,anime,SPECIES_SCYTHER,PENDING_PHASE1,Y
Tracey,anime,SPECIES_VENONAT,PENDING_PHASE1,Y
Tucker,frontier,SPECIES_BAGON,PENDING_PHASE1,Y
Tucker,frontier,SPECIES_BELDUM,PENDING_PHASE1,Y
Tucker,frontier,SPECIES_CHARMANDER,PENDING_PHASE1,Y
Tucker,frontier,SPECIES_GROWLITHE,PENDING_PHASE1,Y
Tucker,frontier,SPECIES_LATIAS,PENDING_PHASE1,Y
Tucker,frontier,SPECIES_MUDKIP,PENDING_PHASE1,Y
Tulip,gymleader,SPECIES_FENNEKIN,PENDING_PHASE1,Y
Tulip,gymleader,SPECIES_FLITTLE,PENDING_PHASE1,Y
Tulip,gymleader,SPECIES_FLOETTE_ETERNAL,PENDING_PHASE1,Y
Tulip,gymleader,SPECIES_GIRAFARIG,PENDING_PHASE1,Y
Tulip,gymleader,SPECIES_RALTS,PENDING_PHASE1,Y
Turo,professor,SPECIES_IRON_BOULDER,PENDING_PHASE1,Y
Turo,professor,SPECIES_IRON_BUNDLE,PENDING_PHASE1,Y
Turo,professor,SPECIES_IRON_CROWN,PENDING_PHASE1,Y
Turo,professor,SPECIES_IRON_HANDS,PENDING_PHASE1,Y
Turo,professor,SPECIES_IRON_JUGULIS,PENDING_PHASE1,Y
Turo,professor,SPECIES_IRON_LEAVES,PENDING_PHASE1,Y
Turo,professor,SPECIES_IRON_MOTH,PENDING_PHASE1,Y
Turo,professor,SPECIES_IRON_THORNS,PENDING_PHASE1,Y
Turo,professor,SPECIES_IRON_TREADS,PENDING_PHASE1,Y
Turo,professor,SPECIES_IRON_VALIANT,PENDING_PHASE1,Y
Turo,professor,SPECIES_MIRAIDON,PENDING_PHASE1,Y
Valerie,gymleader,SPECIES_EEVEE,PENDING_PHASE1,Y
Valerie,gymleader,SPECIES_MAWILE,PENDING_PHASE1,Y
Valerie,gymleader,SPECIES_MIME_JR,PENDING_PHASE1,Y
Valerie,gymleader,SPECIES_SPRITZEE,PENDING_PHASE1,Y
Viola,gymleader,SPECIES_SURSKIT,PENDING_PHASE1,Y
Viola,gymleader,SPECIES_VIVILLON,PENDING_PHASE1,Y
Volkner,gymleader,SPECIES_AIPOM,PENDING_PHASE1,Y
Volkner,gymleader,SPECIES_BLITZLE,PENDING_PHASE1,Y
Volkner,gymleader,SPECIES_CHINCHOU,PENDING_PHASE1,Y
Volkner,gymleader,SPECIES_EEVEE,PENDING_PHASE1,Y
Volkner,gymleader,SPECIES_ELEKID,PENDING_PHASE1,Y
Volkner,gymleader,SPECIES_JOLTIK,PENDING_PHASE1,Y
Volkner,gymleader,SPECIES_MAGIKARP,PENDING_PHASE1,Y
Volkner,gymleader,SPECIES_MAGNEMITE,PENDING_PHASE1,Y
Volkner,gymleader,SPECIES_MUDKIP,PENDING_PHASE1,Y
Volkner,gymleader,SPECIES_PACHIRISU,PENDING_PHASE1,Y
Volkner,gymleader,SPECIES_PICHU,PENDING_PHASE1,Y
Volkner,gymleader,SPECIES_REMORAID,PENDING_PHASE1,Y
Volkner,gymleader,SPECIES_ROTOM,PENDING_PHASE1,Y
Volkner,gymleader,SPECIES_SHINX,PENDING_PHASE1,Y
Volkner,gymleader,SPECIES_TYNAMO,PENDING_PHASE1,Y
Volkner,gymleader,SPECIES_VOLTORB,PENDING_PHASE1,Y
Volkner,gymleader,SPECIES_WINGULL,PENDING_PHASE1,Y
Volkner,gymleader,SPECIES_ZAPDOS,PENDING_PHASE1,Y
Volo,villain,SPECIES_BUDEW,PENDING_PHASE1,Y
Volo,villain,SPECIES_GIBLE,PENDING_PHASE1,Y
Volo,villain,SPECIES_GIRATINA_ALTERED,PENDING_PHASE1,Y
Volo,villain,SPECIES_GROWLITHE,PENDING_PHASE1,Y
Volo,villain,SPECIES_RIOLU,PENDING_PHASE1,Y
Volo,villain,SPECIES_SPIRITOMB,PENDING_PHASE1,Y
Volo,villain,SPECIES_TOGEPI,PENDING_PHASE1,Y
Wallace,champion,SPECIES_BARBOACH,PENDING_PHASE1,Y
Wallace,champion,SPECIES_BLACEPHALON,PENDING_PHASE1,Y
Wallace,champion,SPECIES_CARVANHA,PENDING_PHASE1,Y
Wallace,champion,SPECIES_CLAMPERL,PENDING_PHASE1,Y
Wallace,champion,SPECIES_FEEBAS,PENDING_PHASE1,Y
Wallace,champion,SPECIES_GOLDEEN,PENDING_PHASE1,Y
Wallace,champion,SPECIES_LOTAD,PENDING_PHASE1,Y
Wallace,champion,SPECIES_LUVDISC,PENDING_PHASE1,Y
Wallace,champion,SPECIES_MAGIKARP,PENDING_PHASE1,Y
Wallace,champion,SPECIES_MUDKIP,PENDING_PHASE1,Y
Wallace,champion,SPECIES_SPHEAL,PENDING_PHASE1,Y
Wallace,champion,SPECIES_STARYU,PENDING_PHASE1,Y
Wallace,champion,SPECIES_TENTACOOL,PENDING_PHASE1,Y
Wallace,champion,SPECIES_WAILMER,PENDING_PHASE1,Y
Wally,rival,SPECIES_AZURILL,PENDING_PHASE1,Y
Wally,rival,SPECIES_BUDEW,PENDING_PHASE1,Y
Wally,rival,SPECIES_FLETCHLING,PENDING_PHASE1,Y
Wally,rival,SPECIES_GIBLE,PENDING_PHASE1,Y
Wally,rival,SPECIES_MAGNEMITE,PENDING_PHASE1,Y
Wally,rival,SPECIES_RALTS,PENDING_PHASE1,Y
Wally,rival,SPECIES_SKITTY,PENDING_PHASE1,Y
Wally,rival,SPECIES_SWABLU,PENDING_PHASE1,Y
Wattson,gymleader,SPECIES_ELECTRIKE,PENDING_PHASE1,Y
Wattson,gymleader,SPECIES_ELEKID,PENDING_PHASE1,Y
Wattson,gymleader,SPECIES_MAGNEMITE,PENDING_PHASE1,Y
Wattson,gymleader,SPECIES_MAREEP,PENDING_PHASE1,Y
Wattson,gymleader,SPECIES_MINUN,PENDING_PHASE1,Y
Wattson,gymleader,SPECIES_PICHU,PENDING_PHASE1,Y
Wattson,gymleader,SPECIES_PLUSLE,PENDING_PHASE1,Y
Wattson,gymleader,SPECIES_ROTOM,PENDING_PHASE1,Y
Wattson,gymleader,SPECIES_VOLTORB,PENDING_PHASE1,Y
Whitney,gymleader,SPECIES_AIPOM,PENDING_PHASE1,Y
Whitney,gymleader,SPECIES_BIDOOF,PENDING_PHASE1,Y
Whitney,gymleader,SPECIES_BUNEARY,PENDING_PHASE1,Y
Whitney,gymleader,SPECIES_CLEFFA,PENDING_PHASE1,Y
Whitney,gymleader,SPECIES_DEERLING_SPRING,PENDING_PHASE1,Y
Whitney,gymleader,SPECIES_DITTO,PENDING_PHASE1,Y
Whitney,gymleader,SPECIES_DODUO,PENDING_PHASE1,Y
Whitney,gymleader,SPECIES_GIRAFARIG,PENDING_PHASE1,Y
Whitney,gymleader,SPECIES_HAPPINY,PENDING_PHASE1,Y
Whitney,gymleader,SPECIES_IGGLYBUFF,PENDING_PHASE1,Y
Whitney,gymleader,SPECIES_LICKITUNG,PENDING_PHASE1,Y
Whitney,gymleader,SPECIES_MAGBY,PENDING_PHASE1,Y
Whitney,gymleader,SPECIES_MEOWTH,PENDING_PHASE1,Y
Whitney,gymleader,SPECIES_MILTANK,PENDING_PHASE1,Y
Whitney,gymleader,SPECIES_MIME_JR,PENDING_PHASE1,Y
Whitney,gymleader,SPECIES_MINCCINO,PENDING_PHASE1,Y
Whitney,gymleader,SPECIES_NIDORAN_F,PENDING_PHASE1,Y
Whitney,gymleader,SPECIES_ODDISH,PENDING_PHASE1,Y
Whitney,gymleader,SPECIES_PATRAT,PENDING_PHASE1,Y
Whitney,gymleader,SPECIES_PHANPY,PENDING_PHASE1,Y
Whitney,gymleader,SPECIES_PSYDUCK,PENDING_PHASE1,Y
Whitney,gymleader,SPECIES_SKITTY,PENDING_PHASE1,Y
Whitney,gymleader,SPECIES_SMEARGLE,PENDING_PHASE1,Y
Whitney,gymleader,SPECIES_STANTLER,PENDING_PHASE1,Y
Whitney,gymleader,SPECIES_TAUROS,PENDING_PHASE1,Y
Whitney,gymleader,SPECIES_TEDDIURSA,PENDING_PHASE1,Y
Wikstrom,elite4,SPECIES_DEDENNE,PENDING_PHASE1,Y
Wikstrom,elite4,SPECIES_HONEDGE,PENDING_PHASE1,Y
Wikstrom,elite4,SPECIES_KARRABLAST,PENDING_PHASE1,Y
Wikstrom,elite4,SPECIES_KLEFKI,PENDING_PHASE1,Y
Wikstrom,elite4,SPECIES_LITWICK,PENDING_PHASE1,Y
Wikstrom,elite4,SPECIES_NOSEPASS,PENDING_PHASE1,Y
Wikstrom,elite4,SPECIES_SCYTHER,PENDING_PHASE1,Y
Will,elite4,SPECIES_ABRA,PENDING_PHASE1,Y
Will,elite4,SPECIES_BRONZOR,PENDING_PHASE1,Y
Will,elite4,SPECIES_CLEFFA,PENDING_PHASE1,Y
Will,elite4,SPECIES_DROWZEE,PENDING_PHASE1,Y
Will,elite4,SPECIES_EEVEE,PENDING_PHASE1,Y
Will,elite4,SPECIES_ELEKID,PENDING_PHASE1,Y
Will,elite4,SPECIES_EXEGGCUTE,PENDING_PHASE1,Y
Will,elite4,SPECIES_GIRAFARIG,PENDING_PHASE1,Y
Will,elite4,SPECIES_HAPPINY,PENDING_PHASE1,Y
Will,elite4,SPECIES_MANTYKE,PENDING_PHASE1,Y
Will,elite4,SPECIES_NATU,PENDING_PHASE1,Y
Will,elite4,SPECIES_RALTS,PENDING_PHASE1,Y
Will,elite4,SPECIES_SLOWPOKE,PENDING_PHASE1,Y
Will,elite4,SPECIES_SMOOCHUM,PENDING_PHASE1,Y
Will,elite4,SPECIES_SPOINK,PENDING_PHASE1,Y
Winona,gymleader,SPECIES_DRATINI,PENDING_PHASE1,Y
Winona,gymleader,SPECIES_HOOTHOOT,PENDING_PHASE1,Y
Winona,gymleader,SPECIES_MAGIKARP,PENDING_PHASE1,Y
Winona,gymleader,SPECIES_MURKROW,PENDING_PHASE1,Y
Winona,gymleader,SPECIES_RAYQUAZA,PENDING_PHASE1,Y
Winona,gymleader,SPECIES_SIGILYPH,PENDING_PHASE1,Y
Winona,gymleader,SPECIES_SKARMORY,PENDING_PHASE1,Y
Winona,gymleader,SPECIES_SURSKIT,PENDING_PHASE1,Y
Winona,gymleader,SPECIES_SWABLU,PENDING_PHASE1,Y
Winona,gymleader,SPECIES_TAILLOW,PENDING_PHASE1,Y
Winona,gymleader,SPECIES_TROPIUS,PENDING_PHASE1,Y
Winona,gymleader,SPECIES_WINGULL,PENDING_PHASE1,Y
Winona,gymleader,SPECIES_WURMPLE,PENDING_PHASE1,Y
Zoey,anime,SPECIES_EEVEE,PENDING_PHASE1,Y
Zoey,anime,SPECIES_FINNEON,PENDING_PHASE1,Y
Zoey,anime,SPECIES_GLAMEOW,PENDING_PHASE1,Y
Zoey,anime,SPECIES_MISDREAVUS,PENDING_PHASE1,Y
Zoey,anime,SPECIES_RALTS,PENDING_PHASE1,Y
Zoey,anime,SPECIES_SHELLOS_WEST,PENDING_PHASE1,Y
